,Id/Reply-Id,User,Comment,Date,Likes,Reply To CommentId,Link,Filename
38,23,babys_seelenreich_bei_doris,"Und wie geht es Dir mit den Befehlen die fritz hat? Damit dass sie D√∂rfer dem Erdboden gleich machen, Millionen russische M√§nner, Frauen. Kinder greuellichst umbringen. Er mitmacht oder zusieht.
Mein Gro√üvater war einer von ihnen. Er hat daf√ºr in russischer Gefangenschaft bezahlt und √ºber alles nur einen Satz gesagt: wenn die Russen mit uns das Gleiche gemacht h√§tten wie wir mit ihnen, h√§tte keiner von uns √ºberlebt.
@ichbinsophiescholl , wie gehst du damit um? Was macht das mit Dir?",2021-11-21T17:18:13.000Z,1 like,-,https://www.instagram.com/p/CWi3Eg0qS2a/,comments-6591898246194155205.csv
13,13,kathrinkollmer,Mein Gro√üvater M√ºtterlicher Seite kam aus der Ukraine 44 in Deutschland als Zwangsarbeiter an. üò¢Seine Liebe zur Gro√ümutter in der er verliebt war hielten sie Geheim wegen der GESTAPO und der SS in Straubing nach dem Krieg Mai 45 wollte er seine Familie suchen doch es gab kein Lebenszeichen üò¢üò¢,2021-05-30T13:45:54.000Z,0,-,https://www.instagram.com/p/CPdrSgmHJ40/,comments5985912540677325883.csv
90,68,stefanesser8315,"Mein Ur-Gro√üvater, sa√ü mehrere Male im #ELDEHaus in K√∂ln eingesessen, weil er sich ruhig mit der SA angelegt, weil in der √ñffentlichkeit den Hitlergru√ü verweigerte und durch seine Nachbarschaft gerufen hat: ""Du kannst deinem F√§hnlein F√ºhrer sagen, dass ich Deine HJ-Uniform gefressen habe"".",2021-07-29T16:18:35.000Z,0,-,https://www.instagram.com/p/CR6bBaMMf-N/,comments-8602687962045849809.csv
209,127-13,ichbinjuedin_ichbindeutsche,"@elalalilou hallo. Meine Gro√üeltern waren Juden, mein Gro√üvater war Offizier im 1. Weltkrieg und arbeitete f√ºr den Regierungspr√§sidten von M√ºnster. Er glaubte, dass er und seine Familie sicher sein werden. Zudem war er der Ansicht viele gro√üe K√ºnstler:innen der Vergangenheit waren Juden und Deutschland kulturelle gepr√§gt haben. Deshalb haben sie nicht an Flucht gedacht bis mein Gro√üvater in seiner Dienststelle verhaftet wurde. Meine Gro√ümutter wurde gewarnt und konnte sich verstecken. Im Gegensatz zu vielen anderen entschieden sie nach der Befreiung in Deutschland zu bleiben und als ich irgendwann fragte warum bekam ich die Antwort: ""dies ist auch unsere Land.",2021-07-29T19:29:53.000Z,10 likes,127,https://www.instagram.com/p/CR6bBaMMf-N/,comments-8602687962045849809.csv
80,69,kaja0301,"B√ºcher sind sooo toll. Ich bin immer noch ganz traurig, wenn ein Buch zu Ende ist und man sich von den Protagonisten verabschieden soll. Ich kann gut nachvollziehen, wenn Kindheitserinnerungen an einem Buch h√§ngen. Deine sind mit dem Steuwelpeter verbunden. Der Umgang mit den Kindern ist halt fragw√ºrdig. Alles hat seine Zeit. Wilhelm Busch gab es auf dem kuscheligen Scho√ü meines Gro√üvaters vorgelesen. ‚ÄúMary Poppins‚Äù als Bilderbuch mit den wundervollen viktorianischen Kleidern und Kinderspielzeug, ‚ÄúPu der B√§r und Mein Urgro√üvater und ich haben meine Kindheit gepr√§gtüòâ.",2021-05-22T14:13:38.000Z,4 likes,-,https://www.instagram.com/p/CPLRi48nrz7/,comments8355353662295954093.csv
34,20,jonas_mkn,"Meine Urgro√üeltern hatten einen Obst- und Gem√ºseladen in Hamburg. Meine Urgro√ümutter hat den Laden komplett alleine geschmissen, weil mein Urgro√üvater in einer Kaserne in Harburg stationiert war - nur zum Kartoffeln verladen half er, daf√ºr fuhr sie mit dem LKW alleine den Weg nach Harburg und lie√ü ihren Gatten vom Dienst befreien, zur Versorgung der Bev√∂lkerung. Das passierte h√§ufiger und als er eines Tages vom Kartoffen verladen zur√ºckkehrte, war er der Einzige √ºberlebende seiner Einheit, weil in der Zwischenzeit die Harburger Kaserne ausgebombt wurde. Das ist ein wichtiger Baustein unserer Familiengeschichte.",2021-09-08T09:20:25.000Z,89 likes,-,https://www.instagram.com/p/CTjMDCrjFP6/,comments4768888214613560086.csv
28,17-5,ichbinjuedin_ichbindeutsche,"@ulrikemunner es gab aber auch viele die diese Lage ausnutzen. Mein Gro√üvater war Offizier im 1. Weltkrieg und arbeitete im B√ºro des Regierungspr√§sidenten in M√ºnster deshalb glaubte er sicher zu sein. 1939 geh√∂rte er zu den ersten Juden, die verhaftet wurden, seine Frau wurde gewarnt und konnte hochschwanger fl√ºchten. Sie versteckte sich auf einem kleinen Bauernhof im M√ºnsterland und bekam hier ihr Kind, etwa nach einem Jahr erpresste der Bauer sie zum Sex und schlie√ülich wurde sie schwanger und brachte 1942 eine Tochter zur Welt. Nach dem Kriegsende, der Befreiung und dem wiederfinden seiner Familie erkannte mein Gro√üvater sie als seine Tochter an. Aber es gab Spannungen und Konflikte, die selbst wir Kinder (ich bin 1964 geboren) mitbekamen. Mein Gro√üvater hat seinen Sohn (mein Vater) geliebt weil er sein Sohn und Stammhalter war, aber er hat ihn auch verabscheut denn seinetwegen lieferte sich meine Gro√ümutter diesem Bauern aus. Mein Gro√üvater hat meine Tante irgendwie geliebt denn ihretwegen waren meine Gro√ümutter und mein Vater in Sicherheit, aber als Tochter eines Nazis hat er sie auch verabscheut.",2021-08-22T18:00:27.000Z,2 likes,17,https://www.instagram.com/p/CS1bkb8sZJn/,comments1630443717066312072.csv
38,22-3,fraunora.h,"@zuagroastebayrischeschwaebin Zur Papierknappheit: Das war durchaus ein Thema. Vor allem Richtung 1943. Da wurden die Seiten, die den Gefangenen zur Verf√ºgung gestellt wurden f√ºr Briefe nochmal deutlich reduziert. Mein Gro√üvater musste deshalb entscheiden, ob er das Papier f√ºr Briefe an die Familie nutzt oder, um eine Neuansetzung seines Verhandlungstermin zu erbitten und Briefe an den Volksgerichtshof zu senden. Er lie√ü sich Papier von seiner Familie schicken, um darauf zB die nochmalige Vorladung von Zeug:innen zu verlangen, einige von ihnen waren zu diesem Zeitpunkt allerdings l√§ngst von den Nazis hingerichtet worden, was er nicht wusste. In einigen seiner Briefe aus der Haft sind Stellen geschw√§rzt, weil sie zensiert wurden.",2021-09-14T10:39:53.000Z,5 likes,22,https://www.instagram.com/p/CTxIqRrsCxO/,comments7210585509820285775.csv
99,100,philshallburn,"4 Tage noch... obwohl man wei√ü was passiert ist es komplett herzzerrei√üendüò£ Und hier nochmal ein gro√ües Lob an die Leute hinter dem Projekt! Alles ist so unglaublich nahbar und direkt. So ein wichtiges Thema so gut an Leute zu bringen ist viel wert! Und als jmd dessen j√ºdischer Ur-Gro√üvater erschossen wurde und Opa nur knapp im KZ √ºberlebt hat kann ich sagen: es ist gut, dass solche Projekte daf√ºr sorgen, dass diese schrecklichen Zeiten niemals in Vergessenheit geraten!",2022-02-14T19:33:39.000Z,488 likes,-,https://www.instagram.com/p/CZ-CyQlMDUF/,comments6030069363728820937.csv
159,92-4,eva.buecherfrau,"@ichbinsophiescholl Tats√§chlich habe ich den Tag gestern genutzt, um meine Eltern zum 9.11.38 zu befragen. Sie waren damals 5 Jahre alt. Aber die zerst√∂rten , sehr beliebten j√ºdischen Gesch√§fte, zB Kaufhaus Uhlfelder in M√ºnchen, die davor postierten, aggressiven SA-Schl√§gertrupps haben sogar die beiden als Kinder geschockt. Mein Vater erz√§hlt, er k√∂nne sich nicht mehr erinnern, wie er mit meinem Gro√üvater in die Stadt gekommen sei. Was gesprochen wurde. Aber dieses Bild hat sich eingebrannt zusammen mit einem Gef√ºhl von Trauer und ohnm√§chtiger Wut.",2021-11-10T09:06:11.000Z,3 likes,92,https://www.instagram.com/p/CWEK2fXMuwx/,comments850110884387814236.csv
4,3-2,polterrick,"@ichbinsophiescholl ja und was ist mit all den anderen Erfahrungen, die er so im Osten machen durfte und musste?! Das konnte man ja wohl damals leider nicht so in die Feldpost schreiben. Vielleicht w√§re aber hier mal ein etwas weiter gefasster Rahmen zur Wehrmacht in Russland n√∂tig gewesen. Also ich wei√ü was mein Gro√üvater da gemacht hat als Kettenhund. ‚ÄûPartisanen‚Äú und Untermenschen erschie√üen. Zu Hauf. Ich hab mich als Kind immer gefragt warum er davon nie erz√§hlen wollte. Lieber √ºber sein Leiden in Sibirien. Aber seine Fotoalben waren f√ºr mich dann b√∂se Aufschlussreich, als ich sie als Geschichtsstudent studierte.",2022-02-21T22:09:02.000Z,3 likes,3,https://www.instagram.com/p/CTPE6WSMqHO/,comments7112534007855354463.csv
33,17,green_brown_eyes,"Ich wei√ü zwar nicht viel √ºber die Soldatenzeit meiner Urgro√üv√§ter, aber was mich richtig ber√ºhrt hat, ist dass ein Urgro√üvater m√ºtterlichseits wohl am Valentinstag 1947 aus der russischen Kriegsgefangenschaft nach Hause kam.",2021-08-31T21:15:42.000Z,19 likes,-,https://www.instagram.com/p/CTPE6WSMqHO/,comments7112534007855354463.csv
11,11,buecherjunge_dd,"Da w√§re ich vorsichtiger. Es geht ja nicht nur darum, was Sophie sich denken konnte, sondern auch, was Robert Scholl alles vom Krieg erz√§hlte oder nicht. Mein Gro√üvater hat eher nichts von der Front und wenig von der sowjetischen Kriegsgefangenschaft erz√§hlt, obwohl ich sehr zeitig Soldat werden wollte und dann auch wurde. Nun erz√§hlt einzig das geschnitzte Schachbrett vom Hunger und davon, dass er f√ºr solche Dinge Lebensmittel von sowjet. Offizieren eintauschen konnte, Zucker zum Beispiel.",2021-08-26T14:47:58.000Z,1 like,-,https://www.instagram.com/p/CTCd6mxjNRX/,comments-1422782014079165493.csv
68,24-4,fraunora.h,"Meinen Gro√üvater, Jahrgang 1903, haben die Erlebnisse des Ersten Weltkriegs sehr ersch√ºttert. Er hat seinen Vater euphorisch in den Krieg verabschiedet. Mit Ende des Ersten Weltkriegs war er zum Pazifisten geworden. Sein eigener Vater wurde im Ersten Weltkrieg verwundet. Die Geschichte hat es bis in meine Generation geschafft, weil auch mein Vater sie noch erz√§hlt hat. Bei allem, was ich - auch im Buch von Maren Gottschalk und in den Briefen Sophie Scholls - lese, bei dem Mut und der scharfsinnigen Konsequenz, in der Sophie Scholl denkt, glaube ich kaum, dass sie ausgerechnet vor dem Alltag der Soldaten die Augen verschlossen hat. Sie hat eher von sich selbst verlangt, genau hinzusehen, um ein Bild zu haben und eine Haltung zu entwickeln.",2021-08-26T14:37:39.000Z,8 likes,24,https://www.instagram.com/p/CTCd6mxjNRX/,comments-1422782014079165493.csv
7,7,sdeandl,Das Werk meines Urgro√üvaters sollte urspr√ºnglich nicht verbrannt werden. Er hat sich dagegen gewehrt.,2021-05-20T04:25:31.000Z,0,-,https://www.instagram.com/p/COsqM85qZx2/,comments6833525200870954952.csv
366,309,jmd966,"Mein Gro√üvater Karl Schwarz ist an der Nordfront, er wird erst 1948 nach Hause kommen!üò¢",2021-05-10T17:08:55.000Z,1 like,-,https://www.instagram.com/p/COsqM85qZx2/,comments6833525200870954952.csv
194,86-9,jones_osterfeld,"@erdbeerglueck Ich bin froh, dass mein Gro√üvater den 2. Weltkrieg √ºberlebt hat und nicht gefallen ist. Und ansonsten haben Sie den Sinn und den Aufbau der hier aufbereiteten historischen Zusammenh√§nge offensichtlich nicht verstanden...",2021-05-22T21:28:44.000Z,10 likes,86,https://www.instagram.com/p/CPLYhQFnWAp/,comments-8968321985349809604.csv
227,86-42,gentianahime,"@mothcoat Man sollte sich bewusst machen, dass bei diesem Account auch Menschen mitlesen und kommentieren, die direkt von den Verbrechen der Wehrmacht betroffen waren oder ihren Angeh√∂rigen. Seit Tagen werden hier in den Kommentaren diese Verbrechen relativiert und der Opfer-Mythos angeblich unfreiwillig eingezogener Soldaten bem√ºht. Wenn er dann damit prahlt, dass sein Gro√üvater bei der Wehrmacht war, dessen Verbrechen relativiert und auch noch f√ºr mitgef√ºhl heischt, dann platzt mir als Angeh√∂rige von Menschen, die durch solche Gro√üv√§ter gro√ües Leid erfahren haben, die Hutschnur.",2021-05-23T15:06:39.000Z,2 likes,86,https://www.instagram.com/p/CPLYhQFnWAp/,comments-8968321985349809604.csv
246,90-1,_frolleinschnabelstedt_,"Ich bin sowas von auf deiner Seite‚Ä¶.hab noch Erg√§nzend was‚Ä¶..kz struthof im Elsass, Verdun, buchenwald ‚Ä¶in Verdun liegen Verwandte von mir ‚Ä¶. Mein Gro√üvater war ein mitlaufender Nazi, meine Oma BDM- Mitglied. Sie hat nie verstanden, was da ablief‚Ä¶.nie hinterfragt! Er auch nicht! Einfach mitgemacht‚Ä¶..Leider hatte ich nie die Gelegenheit als Erwachsene (die dann Historik studiert hat) detailliert nachzufragen. Opa war zu krank. Oma hat den BDM nur als Belustigung gesehen‚Ä¶.den RAD hat sie nie als Mittel der NSDAP wahrgenommen. Sie hat gearbeitet bis er zur√ºckkam. Dann haben sie einen Laden √ºbernommen und meine Mama gezeugt. √úber den Krieg wurde einfach nur geschwiegen‚Ä¶üò¢",2021-05-22T15:05:02.000Z,3 likes,90,https://www.instagram.com/p/CPLYhQFnWAp/,comments-8968321985349809604.csv
18,16,katja.rufa,"Wenn ich mich richtig erinnere, geh√∂rt mein Gro√üvater zu den Soldaten, die damals in Stalingrad eingekesselt waren.
Er hat nie viel erz√§hlt von der Zeit. Wenn, dann davon wie sehr sie Hunger gelitten haben. Einmal hat er davon erz√§hlt, dass sie das Fleisch, eines seit mehreren Tagen toten Pferdes gegessen haben. Als meine Gro√ümutter fragte, ob sie denn das Fleisch zumindest gebraten h√§tten, war seine Antwort nur, wir hatten kein Feuer.
Selbst bis ins hohe Alter wurde bei meinen Gro√üeltern kein noch so trockenes Brotst√ºck weg geworfen. Wenn meine Gro√ümutter darum bat, dass frische Brot zu essen und das alte St√ºck wegwerfen wollte, sagte mein Opa immer, wir w√§ren froh gewesen, wir h√§tten damals trockenes Brot zum essen gehabt.",2021-09-30T20:42:33.000Z,181 likes,-,https://www.instagram.com/p/CUclbiQsezP/,comments1431119132924083735.csv
398,214-1,devilspetal,"@saira.iram.rajput nein, wirklich nicht. M√ºtterlicherseits wurde mein Gro√üvater und seine Familie aus dem ehemaligen Jugoslawien vertrieben (deutsche Staatsb√ºrger) und kamen mit dem Ochsenkarren zur√ºck, w√§hrend mein Gro√üonkel v√§terlicherseits mit ungef√§hr 23 Jahren gefallen ist. Nie wieder.",2021-06-29T18:33:46.000Z,1 like,214,https://www.instagram.com/p/CQtcnzhsjDH/,comments-4138837821188628794.csv
3,4,gartenfamilie,Mein herzliches Beileid. Mein Gro√üvater ist 1929 geboren und sollte in den letzten Kriegstagen als Flakhelfer dienen. Der Vater seines Klassenkameraden hat sie aufgegabelt und zur√ºck geschickt.. zum Gl√ºck,2021-08-30T18:11:08.000Z,0,-,https://www.instagram.com/p/CS6MvKtD91X/,comments6008866202857888736.csv
11,10,nothingkix,Meine Gro√üvater haben beide √ºberlebt aber auch von schrecklichen Dingen gesprochen. Sowas pr√§gt einen. Sinnlose massen an Menschen wurden ins Ungl√ºck gest√ºrzt. Mein Beileid f√ºr diesen Verlust. Es werden noch viele Folgen f√ºr die Freiheit Europas.,2021-08-24T20:56:01.000Z,0,-,https://www.instagram.com/p/CS6MvKtD91X/,comments6008866202857888736.csv
17,16,michael.gebler,"Mein Urgro√üvater hat zwei seiner drei S√∂hne im Krieg verloren. Ich habe letztens die Todesnachricht gelesen von meinem Onkel, in welchem aufopferungsvollen ‚ÄûHeldentod‚Äú er gefallen sei. Krieg ist immer sinnlos!",2021-08-24T15:21:18.000Z,0,-,https://www.instagram.com/p/CS6MvKtD91X/,comments6008866202857888736.csv
22,21,curvy_chriss,"Mein Urgro√üvater war auch an der Ostfront. Immer wieder hat er uns seine Schulter gezeigt, er hatte einen Durchschuss... Hinter ihm stand ein Kamerad, den die Kugel dann noch t√∂dlich traf... Diese Geschichte erz√§hlte er immer wieder... Und dass er in Russland dann in Gefangenschaft kam man da auch Hunde gegessen hat weil man so Hunger hatte.",2021-08-24T10:08:57.000Z,0,-,https://www.instagram.com/p/CS6MvKtD91X/,comments6008866202857888736.csv
57,55,tgverden,"Liebe Sophie, mein Beileid f√ºr deinen Verlust. Mein Gro√üvater ist 1944 schwer verletzt worden und in Britischer Gefangenschaft wieder zum Gl√ºck genesen. Zum Gl√ºck und mit Dank an die ‚ÄûFeinde‚Äú. Sonst w√§re ich nicht hier, denn meine Mutter ist erst danach entstanden.",2021-08-23T17:44:53.000Z,1 like,-,https://www.instagram.com/p/CS6MvKtD91X/,comments6008866202857888736.csv
81,79,_mama_anja_,"Mein Urgro√üvater ist seit 1945 vermisst. Ich konnte zwar die Zeit von 1944 bis 1945 bis kurz vor seinen Tod rekonstruieren mit jahrelanger Recherche, aber was sein tats√§chliches Schicksal ist, werden wir als Familie wohl nie erfahren üò©",2021-08-23T13:41:20.000Z,1 like,-,https://www.instagram.com/p/CS6MvKtD91X/,comments6008866202857888736.csv
82,80,tigerlily2.3,"Mein Gro√üvater war in beiden Weltkriegen Er hatte einen Streifschuss im Nacken, der seinen Kameraden t√∂tete. Meine eine Oma hatte immer Herzattacken. Sie erz√§hlte immer, dass sie das seit den Bomben aufs Ruhrgebiet hatte.Sie lebten am Rande des Sauerkands u konnten die Lichter der Bomben √ºber Dortmund u Essrn sehen. Meine andere Oma war in der Partei u rechts. Der √§lteste Sohn kam kurz vor Schluss noch zu den Fliegern. Er sei abgeschossen worden erz√§hlte sie immer. Nach unserer Recherche war er aber desertiert, Zuhause verhaftet u erschossen worden. Ich werde niemals vergessen wie die meiner ersten Freundin, Friederike aus Griechenland. Ihre Familie wohnte in einem Haus, dass meiner Oma geh√∂rte. Diese Oma sagte Friderike d√ºrfe nicht unser WC benutzen, sie sei dreckig!!!! Ich werde das niemals vergessen u bin sehr dankbar, dass meine Ma, *1935 mir eine weisse u schwarze Puppe kaufte u durchsetzte dass mein Freund aus der 3.Klasse, Barbaro aus Sizilien jeden Tag zum Essen zu uns kommen durfte. Wenn ich heutewieder diese AfD Plakate sehe k√∂nnte ich k......Seit meinem 13.Lebensjahr interessiere ich mich f√ºr Politik. Zuerst bei der CDU.Ich machte Wochnseminare. Mein letztes bei der CDU war ein Wirtschaftsseminar. Dort sagte ein Referent: Wir sind ja jetzt unter uns: Wir werden Afrika niemals! soviel direkte ! Entwicklungshilfe geben, sodass wir uns einen neuen Wirtschaftskonkurrenten heranz√ºchten. Sorry, musste ich mal loswerden.Auf Grund meiner Familie habe ich mich mit vielen Themen besch√§ftigt u bin nun tats√§chlich in einer Partei.Nichts tun heisst nichts ver√§ndern.Danke Team Weisse Rose!!!!!üëèüî•üôåüòç",2021-08-23T13:37:51.000Z,1 like,-,https://www.instagram.com/p/CS6MvKtD91X/,comments6008866202857888736.csv
85,83,bobilotta,"Der kleine Bruder meines Gro√üvaters ist mit 19 an der Ostfront gefallen. Zu einem Zeitpunkt als man eigentlich schon keine Chance mehr hatte. Einfach verheizt. Es kamen noch Briefe an die Mutter, in denen er die schreckliche Situation beschreibt und man merkt ganz deutlich seine Angst. Nur Tage sp√§ter kam die Todesnachricht. Man darf so etwas einfach nicht vergessen. Krieg ist so sinnlos.",2021-08-23T13:02:56.000Z,2 likes,-,https://www.instagram.com/p/CS6MvKtD91X/,comments6008866202857888736.csv
98,96,stefanesser8315,"Mein Gro√üvater war bei der Marine und hat viele Freunde im Krieg verloren. Er selbst ist mehrmals aus dem verdammten Zufall heraus, dem Tod entkommen. Er selbst hatte immer H√§ppchen wei√üe davon erz√§hlt, weil er es einfach nicht verkraften konnte, dar√ºber zu sprechen.",2021-08-23T12:18:08.000Z,2 likes,-,https://www.instagram.com/p/CS6MvKtD91X/,comments6008866202857888736.csv
119,110,tim.richter.750983,Mein Gro√üvater war auch an der Ostfront und ist niemals zur√ºckgekehrt. Das letzte Lebenszeichen stammt aus 1944 und der heutigen Ukraine. Seit dem wird er vermisst. Mein Vater (damals sechs Jahre) sucht bis heute nach seinem Grab!,2021-08-23T11:33:39.000Z,4 likes,-,https://www.instagram.com/p/CS6MvKtD91X/,comments6008866202857888736.csv
136,120,die_die_im_wald_wohnt,Mein Gro√üvater wurde am 17.9.1942 in Sewastopol schwer verwundet. Jedes Jahr am 17.9. zur gleichen Uhrzeit hat er sich und uns daran erinnert. Am 17.9.2008 starb er im Alter von 85 Jahren. Das Jahr hat 365 Tage‚Ä¶ ü§ç,2021-08-23T10:56:13.000Z,6 likes,-,https://www.instagram.com/p/CS6MvKtD91X/,comments6008866202857888736.csv
160,139,die_deldum,"Mein Gro√üvater ist am Ende des Krieges sehr jung eingezogen worden, er hat √ºberlebt, seine Erfahrungen haben ihn als Alter Mann wieder eingeholt (und er hat sich echt einen Aluminium Hut gebastelt weil er Angst vor allem hatte). Mein anderer Opa ist jung genug gewesen zu Kriegsende. Aber er w√ºrde von seinem Elternhaus versto√üen, weil er mit einem Fl√ºchtlingsmadel (meiner Oma, geflohen aus Polen) angebandelt hat. Sie hat 3 Jahre bei einer Familie gelebt die Gefl√ºchtete/Vertriebene aufgenommen hat. Mit 13, mit der Tochter der Familie in einem Bett geschlafen. Sie ist jetzt 90 und muss immer lachen wenn Leute behaupten es w√§re kein Platz oder Geld f√ºr Menschen in Not da.",2021-08-23T09:26:11.000Z,488 likes,-,https://www.instagram.com/p/CS6MvKtD91X/,comments6008866202857888736.csv
53,22-24,lavieenschokie,"@zuagroastebayrischeschwaebin

Hmmm ich denke wir haben einfach verschiedene Perspektiven. Es geht mir auch nicht darum recht zu haben, sondern diese Perspektiven zu weiten.

Diskriminierung h√§ngt f√ºr mich sehr wohl auch mit Absicht und Nicht- Absicht und von ihrem bewusstem Einsatz ab. Und nat√ºrlich auch immer von der Person oder Gruppe die diskriminiert wird und deren Perspektive darauf.
Erst wenn ich Bewusstsein f√ºr etwas habe, kann ich es auch √§ndern. Dass viele Menschen damals absichtlich und ganz bewusst Diskriminierung von Anderen tolerierten, in Kauf nahmen oder sogar teilten, ist geschichtswissenschaftlicher Konsens.
Und es ist wichtig dort genau hinzuschauen und sich damit zu befassen wie es in einer Gesellschaft m√∂glich war und immer noch ist.

Trotzdem aber gibt es auch Grauzonen. Mein Gro√üvater der keinen Bezug zu Menschen anderer Hautfarbe hatte, sprach √ºber diese so wie er es geh√∂rt hatte und wie er es nachpr√ºfen konnte. Ist er deshalb ein Rassist weil er so sprach, oder ist das rassistisches Gedankengut. Und hier w√ºrde ich widersprechen, denn er starb als Widerstandsk√§mpfer, sich einsetzend daf√ºr dass alle Menschen egal welcher Herkunft gut leben konnten.

Es muss letzten Endes niemand der anderen Person zustimmen. Es kann auch stehen bleiben als das was es ist lebendige Diskussion.",2021-09-15T14:46:51.000Z,1 like,22,https://www.instagram.com/p/CTz0Bxnqoi1/,comments6367558600168361981.csv
11,12,humans_sucks_,"@ichbinsophiescholl, hey (Sophieüòâ), mein Gro√üvater der jetzt- (1942) in deinem Alter ist, feiert heute seinen 21. Geburtstag... Ebenfalls an der Ostfront, weshalb ""feiern"" wohl nicht der richtige Ausdruck ist... Unglaublich f√ºr welchen Wahnsinn ( ""Vaterland"")] unsere jungen M√§nner dort regelrecht verbraten werdenüò¢. Da kann man f√ºr Fritz und meinen Gro√üvater (er heisst √ºbrigens Hansüòâ) beten, obwohl ich selbst nicht einmal religi√∂s bin. ‚ù§Ô∏èüôèüèªüñ§",2021-05-19T17:58:35.000Z,1 like,-,https://www.instagram.com/p/CPBa7dTnZDz/,comments8984968377741028930.csv
67,29-39,fraunora.h,"@marschnerstephanie Das ist richtig. Und das ist ein guter Punkt. Sophie Scholl w√§re √ºbrigens auch schon jetzt verhaftet. Was sie hier sagt und zeigt w√ºrde komplett reichen. Ich kann zudem nicht bestimmen, was dieser Account ""darf"" oder nicht ""darf"". Aber als jemand, die sich mit historisch-politischer Bildung auseinandersetzt und famili√§re Traumata der NS-Zeit aufarbeitet, darf ich sehr wohl kritisieren, in welcher Form das hier geschieht. Und zum Beispiel als Sophie Scholl auf Kommentare zu antworten halte ich f√ºr in h√∂chstem Ma√üe problematisch. Und das habe ich auch sachlich und fachlich begr√ºndet.
Und on top: M√∂glicherweise wird gerade jetzt eine ganz reale, junge Person verhaftet und eingesperrt, weil sie genau das macht, was hier gerade abgefeiert wird. So ganz in echt. Und m√∂glicherweise wird diese Person das - genauso wie Sophie Scholl damals - nicht √ºberleben. Und da h√∂rt f√ºr mich pers√∂nlich die Fiktion auf und f√§ngt der Zynismus an. Ich als Enkelin eines Mannes, der ebenfalls durch die Nationalsozialisten ermordet wurde, halte das schlecht aus. Mein Gro√üvater wurde erh√§ngt. In den Blutn√§chten von Pl√∂tzensee. Googlen sie das gerne mal.",2021-05-19T15:50:40.000Z,18 likes,29,https://www.instagram.com/p/CPBa7dTnZDz/,comments8984968377741028930.csv
15,11,florianmmuth,Welches Buch von meinem Urgro√üvater (Carl Muth) meinst Du denn?,2021-10-18T21:44:27.000Z,2 likes,-,https://www.instagram.com/p/CVKnoFvsEl1/,comments4087166086038836763.csv
6,7,madam.herpein,"Liebe Sophie, Hitler wird es schaffen den Krieg zu verl√§ngern, aber er wird den Krieg verlieren und in einigen Jahren wird ein deutscher Fernsehsender eine Umfrage in Auftrag geben. Die Frage wird lauten wer die ""100 gr√∂√üten Deutschen"" waren. Auf Platz 1 wird der erste Bundeskanzler der Bundesrepublik Deutschland, einer Demokratie, sein. Auf Platz 2 ist Martin Luther und auf Platz 3 Karl Marx. Auf Platz 4 werden Hans und du sein. Du wirst auf dem Buchcover der wichtigsten Frauen der deutschen Geschichte abgebildet sein. Bei Rankings mit den bedeutendsten Frauen wirst du immer in den Top 10 genannt. Im Jahr 2015 wird es eine Forsaumfrage geben (gefragt werden Personen ab 14). Man wird nach den beliebtesten deutschen Frauen fragen. Du wirst auf Platz 1 genannt werden. Ihr werdet Vorbilder sein, auch in 100 Jahren noch. Mein Urgro√üvater war bei der SS. Ich habe eure Flugbl√§tter und demonstriere gegen neue Rechte. Es werden Pl√§tze, Stra√üen und Schulen nach euch benannt werden. Euer Widerstand, eure Flugbl√§tter, euer Mut - das alles wird Spuren hinterlassen. Denk bitte daran.",2022-01-22T16:13:43.000Z,10 likes,-,https://www.instagram.com/p/CY_3ns9soEJ/,comments651518198415348284.csv
18,19,gianna.libera9,"Ich habe einfach zwei solche Briefmarken (von meinen Urgro√üvater). Ich √ºberlege immer wenn ich sie sehe, ob ich sie nicht zerrei√üen sollte, mache es aber nie.",2021-07-21T14:11:48.000Z,2 likes,-,https://www.instagram.com/p/CRj6CR8MQa8/,comments2456712743245461563.csv
9,8,caaro.q,"Hallo Sophie, bei mir an der Wand h√§ngt auch ein Bild von Wilhelm Geyer, eines seiner Blumenbilder. Er war n√§mlich mein Urgro√üvater. LG:)",2021-11-19T22:05:05.000Z,1 like,-,https://www.instagram.com/p/CWdAirWsLAh/,comments345031416093530864.csv
72,50,gwen_gloeckchen,"Hallo Sophie! Das kleine knuddelige Fenster ist echt s√º√ü! Zu deiner Frage, bei mir h√§ngen selbst gemalte Bilder und ein uraltes √ñlgem√§lde vom Gem√ºndener Schloss an den W√§nden. Das Gem√§lde ist noch von den Eltern meines Gro√üvater (Papas Seite), er ist in Gem√ºnden/Hunsr√ºck geboren! Liebe Gr√º√üe!‚ù§Ô∏è",2021-11-19T10:18:40.000Z,2 likes,-,https://www.instagram.com/p/CWdAirWsLAh/,comments345031416093530864.csv
276,241,d.r_e_wert,"H√§tte gern meinen Gro√üvater kennengelernt. Hau rein Sophie üëçüèª Ach ja, die Frau meines Gro√üvaters, meine Oma, hie√ü auch Sophie.",2021-05-08T16:48:03.000Z,1 like,-,https://www.instagram.com/p/COnXOjgHo4O/,comments-1380966327770057628.csv
78,79,schorschalbrecht,"So eine gute, w√ºrdige und wichtige Aktion! Mein Gro√üvater Dieter Sattler versteckte Hans und Sophie nach n√§chtlichen ‚ÄûMalaktionen‚Äú in der Ludwigstrasse.",2022-02-23T16:00:25.000Z,46 likes,-,https://www.instagram.com/p/CaUTx0csioE/,comments-3307411921241262376.csv
28,19-4,eileen_a_tieno,"@k_lschb_ch Mein Urgro√üvater war bei der SS. Meine Urgro√ümutter wusste, was er da getan hat. Sie hat das immer ""nett"" umschrieben mit ""er hat im Osten gearbeitet""... Ob die Menschen in K√∂ln wussten, was in Ravensbr√ºck passiert, kann man heute schwer sagen, aber unwahrscheinlich ist es nicht, dass nicht alle unwissend waren und zumindest die Menschen, die in der N√§he der KZs gelebt haben, wussten was da passiert.",2021-06-30T15:51:23.000Z,7 likes,19,https://www.instagram.com/p/CQvb607sC8F/,comments-6143990218264557167.csv
33,19-9,eileen_a_tieno,"@k_lschb_ch Was Bares f√ºr Rares angeht, gebe ich dir Recht. Wie gesagt mein Urgro√üvater war bei der SS. Der Verlobungsring meiner Mutter wurde aus einzelnen Schmuckst√ºcken meiner Urgro√ümutter gemacht. Da wurde Gold zusammen geschmolzen und einzelne Rubine eingesetzt. Einen einzelnen Rubin hab ich noch. Der Ring existiert nat√ºrlich auch noch. Meine Eltern haben nie hinterfragt, dass meine Urgro√ümutter einzelne Ohrringe etc. und einzelne Steine f√ºr einen Verlobungsring √ºbrig hatte. Sie ist leider zu fr√ºh gestorben als das ich h√§tte fragen k√∂nnen, aber ich habe mal in einem Buch von einem √úberlebenden gelesen, dass sich SS Wachleute in KZs manchmal mit Schmuckst√ºcken haben bestechen lassen. Meine Urgro√üeltern sind ins Ruhrgebiet ""gefl√ºchtet"" - als meine Mutter meine Urgro√ümutter in den 1980ern kennengelernt hat, hatte meine Urgro√ümutter noch ganze Schmucksets und diverse Pelzm√§ntel aus den 30ern und 40ern. Sie war richtig stolz drauf und hat alles penibel gepflegt und zusammen gehalten. Es ist eher untypisch f√ºr sie, dass sie Schmuckst√ºcke verloren haben soll. Die Wahrheit dar√ºber werde ich wohl nie herausfinden. Meine Oma redet nicht dar√ºber. Ich hab auch vor 2-3 Jahren erst erfahren, dass mein Gro√üvater Br√ºder hatte. Die waren auch bei der SS. Sind im Krieg gefallen. Du hast √ºbrigens einen Punkt erw√§hnt, den ich nie bedacht habe. In der j√ºdischen Bev√∂lkerung gab es Wissen √ºber die KZs. Warum h√§tten alle anderen nichts davon wissen sollen?",2021-06-30T16:56:24.000Z,16 likes,19,https://www.instagram.com/p/CQvb607sC8F/,comments-6143990218264557167.csv
35,19-11,katharina.helling,"@k_lschb_ch @eileen_a_tieno

Vielen Dank, f√ºr das was ihr hier teilt! Meine Gro√üeltern, Jahrgang *11 und *21, sind leider verstorben, bevor ich mit Ihnen √ºber diese Zeit gesprochen habe. Und evtl w√§re es auch so nicht dazu gekommen, weil es so soweit ich es wahrgenommen habe, ein TabuThema war.
Wenn man die ganzen gro√üen und kleinen Vorzeichen bedenkt, die vielen Lager/KZ (wenn auch idR keine Vernichtungslager), die innerhalb der heutigen Grenzen Deutschlands liegen und wie viele Soldaten (mein Gro√üvater zB war wohl in Frankreich und an der Ostfront - da bekam er sicher auch etwas mit) eingesetzt waren und diese wiederum ihren Familien was erz√§hlt haben k√∂nnten‚Ä¶ ist schwer vorstellbar, dass man nichts wusste‚Ä¶ und zB die massenhaften Deportationen, die in Deutschland Ende 1941 begonnen haben (vor denen sich Betroffene aus Angst vorher auch nicht selten das Leben genommen haben), m√ºssten, wenn man es sehen wollte, zumindest Fragen aufgeworfen haben‚Ä¶
Nat√ºrlich w√ºnscht man sich die eigene Familie w√§re ‚Äöanders‚Äò gewesen. Aber da man - in meinem Fall - nie dar√ºber gesprochen hat, kann ich das wohl ausschlie√üen. Erfahren werde ich es leider nicht mehr.",2021-06-30T17:13:33.000Z,8 likes,19,https://www.instagram.com/p/CQvb607sC8F/,comments-6143990218264557167.csv
36,19-12,eileen_a_tieno,"@k_lschb_ch Ich w√ºsste aber auch keinen Grund nicht offen dar√ºber zu reden. Mein Urgro√üvater hat zeitlebens nicht von seiner NS Ideologie abgelassen. Er hat Nazi Propaganda B√ºcher mitgenommen als er mit seiner Familie vor den Konsequenzen seiner Ideologie nach Westen geflohen ist. Nicht alle sind bis heute erhalten geblieben, aber die Tatsache allein, dass er diese B√ºcher beim Packen des Notwendigsten mitgenommen hat, sagt viel. Es sagt auch viel √ºber meine Urgro√ümutter, dass sie Schmuck und Pelze mitgenommen hat. Es hei√üt die Familie h√§tte ein Fuhrunternehmen gehabt und es w√§re ihnen im Krieg gut gegangen. Nachpr√ºfen kann ich das nicht, weil ich zum einen nicht mal den Ort kenne, wo meine Familie gelebt hat, noch kenne ich die Geburtsdaten meiner Urgro√üeltern. Ich wei√ü tats√§chlich fast gar nichts, weil meine Oma beharrlich schweigt. Was ich mit Sicherheit wei√ü, ist dass mein Urgro√üvater nicht einfach nur ein Soldat war, der Befehle befolgt hat. Er hat ein Fernglas aufgehoben, das Teil seiner Ausr√ºstung war. Dieses Fernglas war (meiner Recherche nach) Bestandteil der Zusatzausr√ºstung f√ºr Gruppenf√ºhrer, Zugf√ºhrer und Kompaniechefs. Kompaniechefs hatten den untersten Offiziersgrad, wenn ich das grad richtig im Kopf habe. Jedenfalls hatten einfache Soldaten diese Ferngl√§ser nicht. Dazu gibt es eine Ledertasche mit seinem Namen drin. Das Fernglas funktioniert bis heute √ºbrigens einwandfrei. Von der Familie m√ºtterlicherseits wei√ü ich fast nichts, aber der Gro√üvater auf der Seite war bei der HJ. Meine Oma auf der Seite hat den Krieg als Kind erlebt. Ich denke nicht, dass sie sich an viel erinnern kann, aber wenn sie erz√§hlt, dann mit Vorliebe davon wie ihre Mutter fl√ºchten musste. An eine Beteiligung ihrer Familie kann sie sich nicht erinnern. Ich denke in vielen Familien ist es √§hnlich wie in meiner. Es ist als g√§be es vor 1945 nicht. Dar√ºber wird nicht gesprochen.",2021-06-30T19:33:47.000Z,10 likes,19,https://www.instagram.com/p/CQvb607sC8F/,comments-6143990218264557167.csv
37,19-13,eileen_a_tieno,"@zuagroastebayrischeschwaebin :) Wenn man sich die Aussagen von Zeitzeugen durchliest oder anschaut, dann wird einem klar, dass diese Deportationen nicht still und leise vonstatten gingen. Die Menschen k√∂nnen nicht nichts gewusst haben. Die Menschen haben es ignoriert. Und ja, nat√ºrlich w√ºnscht man sich die eigene Familie h√§tte auf der richtigen Seite gestanden, aber h√§tten alle Familien auf der richtigen Seite gestanden, h√§tte es den Holocaust nicht gegeben. Ich kann mir Dokumentationen und Filme wie Schindler's Liste nicht mehr ansehen und B√ºcher von √úberlebenden nicht lesen, ohne mich zu fragen, ob mein Urgro√üvater dabei war. Was auch immer er getan hat r√ºckg√§ngig machen kann ich es nicht. Manchmal bin ich etwas schadenfroh, wenn ich mir √ºberlege, dass der einzige m√§nnliche Nachfahre meines Urgro√üvaters im KZ ein rosa Dreieck getragen h√§tte. Mein Urgro√üvater w√ºrde wahrscheinlich im Grab rotieren. W√ºsste er das.",2021-06-30T19:43:14.000Z,8 likes,19,https://www.instagram.com/p/CQvb607sC8F/,comments-6143990218264557167.csv
85,30-2,jessy.paintapicture,"Ja, soweit ich informiert bin, sollte auch der Dom zerst√∂rt werden, wer auch immer das verhindert hat, danke! Und dennoch ein Wunder, dass dieses riesige Geb√§ude noch steht, drum herum war alles kaputt. Von meiner Familie wurde, soweit ich wei√ü, auch alles zerst√∂rt. Zumindest hat mein Urgro√üvater nach dem Krieg in einer Garten Kolonie ein Haus gebaut und dort mit meiner Urgro√ümutter bis kurz vor ihrem Tod gelebt. Eigentlich ist das nicht erlaubt, aber Leute wie sie hatten ein lebenslanges Wohnrecht in der Gartenkolonie. Als ich klein war geh√∂rte uns der Garten links daneben, rechts daneben einem anderen Teil der Familie, ich glaube irgendeinem cousin meiner Mutter oder so",2021-06-30T15:46:23.000Z,4 likes,30,https://www.instagram.com/p/CQvb607sC8F/,comments-6143990218264557167.csv
18,18,andreas.gorges,"√Ñusserst nachhaltig deine Aluminiumbox. Mein Gro√üvater hatte diese auch. In mehreren Stufen, f√ºr unterschiedliche Inhalte, mit Henkel, um sie auch ans Fahrrad zu h√§ngen. Sie war sooo zerbeult √ºber die Jahre geworden. Keine bunte Plastikbox hat je soooo lange gehalten.",2021-09-17T08:15:31.000Z,1 like,-,https://www.instagram.com/p/CT4Rx5yMIDZ/,comments-8464683051513436330.csv
25,23,wildlifephotographed,"Ich liebe diese Seite so sehr, damals als es mit den Colorado-K√§fern (Kartoffel-K√§fer aus Colorado) los ging, gingen mein Gro√üvater und sein gro√üer Bruder (*35 /*32) auch mit aufs Feld und der Bruder von meinem Gro√üvater war der erste aus dem ganzen Dorf, der so einen K√§fer fand, mein Gro√üvater √§rgert sich bis heute- war wohl so eine Art Wettkampf",2021-06-28T20:41:08.000Z,0,-,https://www.instagram.com/p/CQqGPxaHlUK/,comments713602746425152412.csv
96,71,_kristina._____,"Mein Gro√üvater meint, fr√ºher gab es daf√ºr schulfrei",2021-06-28T09:26:21.000Z,7 likes,-,https://www.instagram.com/p/CQqGPxaHlUK/,comments713602746425152412.csv
11,12,fraunora.h,"""Dass die Natuonalsozialisten gegen Widerstand grausam vorgehen, wissen wir, aber Hinrichtungen?"" - Gibt es eine Quelle, die belegt, dass Sophie Scholl davon √ºberrascht ist oder das nicht wusste? Denn Mitglieder der politischen Opposition mussten von Beginn an damit rechnen, zum Tode verurteilt zu werden. Das galt vor allem f√ºr die Mitglieder kommunistischer Organisationen. Ab 1940 nehmen die Todesurteile und damit die Hinrichtungen deutlich zu. Eine erneute Steigerung ist ab sp√§testens Sommer 1942 zu verzeichnen.

""Allein in der Strafanstalt Pl√∂tzensee starben zwischen 1933 und 1945 rund dreitausend Personen (etwa 2750 M√§nner und 250 Frauen) bei amtlichen Hinrichtungen, darunter neunundachtzig Widerstandsk√§mpfer des 20. Juli.""
Auf Wikipedia gibt es eine nicht vollst√§ndige Liste der hingerichteten Personen. Darunter befinden sich auch mein Gro√üvater und sein bester Freund Max Behretz.
https://de.wikipedia.org/wiki/Liste_von_im_Deutschen_Reich_hingerichteten_Personen",2022-01-12T08:12:26.000Z,20 likes,-,https://www.instagram.com/p/CYmOthWsI2u/,comments7038084874390913522.csv
150,76,alfred_regenwasser,Solche gab es zu DDR Zeiten auch. Meine ganze Familie wurde ausgespottet. Mein Gro√üvater musste ins Stasigef√§ngnis. Nicht zu vergleichen mit der NS Zeit aber Muster wiederholen sich. Ein Diktator f√ºrchtet am meisten sein eigenes Volk,2021-08-05T14:18:53.000Z,12 likes,-,https://www.instagram.com/p/CSMgQgiMreY/,comments-2091083738136266499.csv
33,16,derechtegeorgforster,"Mein Gro√üvater ist gerade (November/Dezember 1942) in Tunesien. Ihm gegen√ºber stehen frisch ausgeruhte und bestens ausger√ºstete Amerikaner, die Zahl der Kondenzstreifen der Bomber am Himmel, die jeden Tag nach Norden fliegen, nehmen von Tag zu Tag zu. Ein Versorgungsschiff, das u.a. seiner Einheit frischen Proviant und Ausr√ºstung h√§tte liefern sollen, ist in der Hafeneinfahrt von Tunis (?) torpediert worden. Ein Monat Nahrung, Medikamente, Treibstoff, Ersatzteile, frische Uniformen, neue Stiefel, Munition, alles futsch. Freifranzosen k√§mpfen an der Seite der Amerikaner, mit ihnen marokkanische und algerische Truppen, die sich nachts an die Wachposten anschleichen und ihnen mit ihren langen Messern die Kehlen aufschlitzen. Die Moral ist am Boden, trotz des Vorsto√ües von Rommel auf El Alamein. Er ist noch keine 20, hat aber schon mehr Horror gesehen als meine Generation hoffentlich je sehen wird. Sie lesen den VB und andere Nachrichten, sofern sie welche bekommen. Aber so recht glauben will keiner mehr das, was in der Zeitung steht. Die Leute sehen schon, dass es an allen Fronten Spitz auf Knopf steht.

Schauen wir, wie es weitergeht‚Ä¶",2021-11-27T10:49:51.000Z,14 likes,-,https://www.instagram.com/p/CWxmpy3sIFw/,comments-1730639362097868175.csv
35,16-2,derechtegeorgforster,"@most.boring.facts Er steht nicht direkt unter Rommels Kommando, ist an der afrikanischen Westfront. Der Ami ist vor ein paar Wochen in Oran und Algier gelandet. Eigentlich h√§tte mein Gro√üvater Garnisonssoldat in S√ºdfrankreich werden sollen, leichtes Leben, ein bisschen Streife gehen, guten Wein trinken, h√ºbschen Franz√∂sinnen nachpfeifen, m√∂glichst nicht mit der R√©sistance anecken. Aber dem ist leider nicht so. Er muss ins Gefecht. Das Wetter in Tunesien ist sehr wechselhaft, auch im Winter kann‚Äôs dort n√§chtens saukalt sein. Die Versorgung ist hundsmies, es grassieren au√üerdem L√§use. Die Franzosen, Briten und Amis pr√§parieren M√§ntel Gefallener mit L√§usen. Da es kaum neue Kleidung gibt, nimmt man sich, was man kriegen kann. Prompt gelandet, f√§ngt er sich schon die kleinen Mistviecher ein und muss nach Tunis ins Lazarett. In der Zwischenzeit fallen bei Kampfhandlungen etliche seiner Kameraden. Der Friedhof beim Lager w√§chst Tag f√ºr Tag‚Ä¶",2021-11-27T11:15:14.000Z,3 likes,16,https://www.instagram.com/p/CWxmpy3sIFw/,comments-1730639362097868175.csv
43,20-1,ms_caboo,"@ichbinsophiescholl dann k√§mpfte er vielleicht gemeinsam mit meinem Gro√üvater Theo, der es Gott sei Dank nach Hause geschafft hat.. üïØ",2021-11-27T11:09:59.000Z,4 likes,20,https://www.instagram.com/p/CWxmpy3sIFw/,comments-1730639362097868175.csv
98,71,jolie.dharma,"Meine Oma war auch beim Bund Deutscher M√§del .... ja, so einiges an Liedern stimmt sie heute noch an....und sie erz√§hlt auch noch von damals als sie befreundete j√ºdische Familien bei sich versteckt hielten. Nach Aussen den Schein der ""Zugeh√∂rigkeit"", aber auch die Menschlichkeit zu bewahren, war ein enormer Zwiespalt. Ihr Vater (mein Urgro√üvater) an der Front in Frankreich als Dolmetscher stationiert, hat auch so einiges an Geschichten zu erz√§hlen gehabt.... √ºber die Unmenschlichkeit und √ºber die G√ºte der Menschen. Wo Dunkelheit herrscht, da wird es auch immer Licht geben.",2021-05-16T17:00:27.000Z,1 like,-,https://www.instagram.com/p/CO7bXwbnI-F/,comments-6495335396302545305.csv
157,118,romotions_,"Wie wahr und schwer! Parallelen zu meiner Mum (heute 91): zun√§chst waren sie und ihr Bruder begeisterte BDMs zum Entsetzen meiner Gro√üeltern - mein Gro√üvater wurde als Teil der Resistance kurz vor Ende des Krieges bis lange danach deportiert, aber alles kein Vergleich zu dem Mut der Scholl-Geschwister!",2021-05-16T12:49:39.000Z,0,-,https://www.instagram.com/p/CO7bXwbnI-F/,comments-6495335396302545305.csv
193,149,diana_hubel,"Wie wundervoll ehrlich ‚ù§Ô∏è‚ù§Ô∏è da denke ich an meinen Gro√üvater der lange schwieg.
Irgendwann hat er √ºber die Abende erz√§hlt, den Zusammenhalt und wie sch√∂n er es am Anfang fand als kleiner Knirps am Lagerfeuer.

Ich finde diesen Einblick gro√üartig und so wichtig zu verstehen wie Manipulation denn wirklich aussieht.

Ganz ganz gro√üartige und wichtige Serie. (Oder wie man das jetzt auch immer auf Insta nennen soll... Insta show)",2021-05-16T11:21:55.000Z,1 like,-,https://www.instagram.com/p/CO7bXwbnI-F/,comments-6495335396302545305.csv
190,94-28,bloodyjules,"@zuagroastebayrischeschwaebin ich wei√ü jetzt nicht ob das weiterhilft, aber mein Gro√üvater und Urgro√üvater waren beide Zimmerm√§nner und mussten nicht beitreten (N√§he Wien bzw damals Wien). Habe mit meinen Gro√üvater viel dr√ºber geredet und mein anderer Urgro√üvater war dann Sanit√§ter an der Front und mein Gro√üvater Fu√üsoldat ü§∑",2021-11-23T15:04:27.000Z,2 likes,94,https://www.instagram.com/p/CWlKhrmsxMa/,comments7320137426030416248.csv
193,94-31,bloodyjules,"@zuagroastebayrischeschwaebin kein Problem. Hab mir eh schon oft √ºberlegt Mal alle Dokumente einzuscannen, die wir so aus der Zeit haben und eine Timeline zu erstellen. In meiner Familie ging es ja ziemlich zur Sache, weil einer meiner Urgro√üv√§ter in zwei KZs war (hat aber beide √ºberlebt). Die Briefe von der Zeit lesen sich so komisch. Nachdem ich daf√ºr extra Kurrent Schrift gelernt hab und draufgekommen bin, wie er s√§mtliches was das KZ angeht komplett ausgelassen hat bzw auslassen musste. Nachher mein Gro√üvater, der nach Russland musste und durch die Verwandtschaft mit einen Juden das unterste war. Die Geschichten, wow. Mich wundert es nicht, dass bei uns im Dorf die Russen dann so aggressiv waren... Sorry, f√ºr den Einwurf, jetzt gebe ich einen Frieden üòÖ",2021-11-23T15:12:24.000Z,2 likes,94,https://www.instagram.com/p/CWlKhrmsxMa/,comments7320137426030416248.csv
36,37,danbest111,"Ja, Briefe k√∂nnen Liebe, Sehnsucht und ‚Äû Freiheit ‚Äû vermitteln, einfach unglaublich! Mein Gro√üvater war auch einer der wenigen die es lebendig aus Stalingrad und dem entstandenen Kessel heraus geschafft haben, ausgeflogen mit einer der letzten Maschinen die dort landen noch konnten. F√ºr eine hochwertige Taschenuhr hat ihn damals ein Freund etliche Kilometer aus der Front heraus geschleppt. Nach 1941 bzw. schon Winter 41/42 muss es die H√∂lle auf Erden gewesen sein f√ºr die Deutschen. Nur mal um die Perversit√§t zu zeigen, es wurden zum Teil Pferdehufe / Horn und Lederschuhe von gefallenen gekocht um √ºberhaupt was essen zu k√∂nnen. Selbst viele Jahre nach Kriegsende wollte oder konnte er nicht √ºber das erlebte in Russland reden. Sie (Kriegsr√ºckkehrer) machten fast alles mit sich selbst aus und ihrem Geist. Er war Standesbeamter nach dem Krieg und hat gl√ºckliche Paare im Wald oder auf dem Pferder√ºcken getraut wo immer die Verm√§hlten es wollten und was vertretbar war/ist. Gott habe ihn selig. Alles Liebe Dan :-‚Ç¨",2021-06-21T16:20:18.000Z,9 likes,-,https://www.instagram.com/p/CQYrmTjnjJp/,comments737255468656872074.csv
93,94,blogofamanda,"Super, das freut mich f√ºr dich üëçüèª Frohe Weihnachten!! Ich feier dieses Jahr mit meinem Bruder und seiner Familie und mit meinem Gro√üvater",2021-12-23T08:22:35.000Z,0,-,https://www.instagram.com/p/CX0VlQ6M2ld/,comments-5925222920003635497.csv
20,15,lucia.wauer,Mein Uhrgro√üvater war ein Maschinenf√ºhrer in einer Papierfabrik. Im zweiten Weltkrieg waren dort russische Zwangsarbeiter. Mein Uhrgro√üvater hat einer 14 j√§hrigen Zwangsarbeiterin immer heimlich Essen gegeben. Nach der Befreiung sind zwei Russen zu ihm gekommen und haben sich bei ihm bedankt.,2021-08-24T08:04:56.000Z,3 likes,-,https://www.instagram.com/p/CS7HFj8juHf/,comments-9449542918241282.csv
38,28,wortgefuchtel,"Unheimlich zu lesen. Mein Vater hat gerade nach langer Ahnenforschung herausgefunden, dass mein Urgro√üvater vermutlich bei Witebsk gefallen oder verschollen ist. Das kommt beim Lesen von diesem Post wirklich ganz nah...",2021-08-23T19:09:52.000Z,4 likes,-,https://www.instagram.com/p/CS7HFj8juHf/,comments-9449542918241282.csv
75,47,jos_jo90,"@ichbinsophiescholl Mein Gro√üvater hatte einen Bruder der auch im August 1942 gefallen ist. Es h√§ngt noch heute ein Kreuz mit seinem Namen an der Hauswand. Ein echtes Grab kennen wir nicht. Nur ein Ger√ºcht, dass angeblich jetzt eine Stra√üe dr√ºber geht. üòî",2021-08-23T17:02:27.000Z,7 likes,-,https://www.instagram.com/p/CS7HFj8juHf/,comments-9449542918241282.csv
106,65,bente_le,"Mein Gro√üvater hat fr√ºher H√ºhner gem√§stet und geschlachtet. War immer ein gro√üer Familientag. Ich fand es grausam, habe es aber dennoch gegessen. Bis ich selbst mit dieser Doppelmoral nicht mehr zurecht kam: Bei der Schlachtung weinen, weil mir das Tier leid tut, aber das tote Tier essen, weil es lecker ist. Deshalb bin ich seit √ºber 5 Jahren Vegetarierin üíö",2021-10-06T13:09:06.000Z,1 like,-,https://www.instagram.com/p/CUrwtMZMOwt/,comments-3967054735699952016.csv
87,25-15,dieanachronistin,"@eva.buecherfrau Du scheinst mit Kritik nicht gut umgehen zu k√∂nnen. Ich bin selbst Nachfahrin eines Widerstandsk√§mpfers. Und setze mich trotzdem damit auseinander, wenn es Kritik an den Schriften meines Gro√üvaters gibt, weil sie nunmal Antisemitismus enthalten. Es ist wichtig, das zu erkennen und zu benennen. Trotzdem kann man eine Lebensleistung als solche w√ºrdigen. Das sind Spannungen, die wir als Nachfahr:innen aushalten m√ºssen.",2021-11-08T17:56:24.000Z,10 likes,25,https://www.instagram.com/p/CWBNl0dsE22/,comments-400711372058708330.csv
136,45-14,frauenvondamals,"@lostcooki3 Es war komplett normal. Man darf da nicht mit heutigen romantisierenden (und letztlich auch sehr kulturell bedingten) Vorstellungen rangehen. Als mein Gro√üvater eingezogen wurde, versprach sein j√ºngerer Bruder seiner Frau (meiner Oma) sie zu heiraten, sollte mein Opa fallen. Opa war beruhigt, Oma auch.",2021-06-05T13:26:51.000Z,6 likes,45,https://www.instagram.com/p/CPtElDbrHQY/,comments7688143587910139783.csv
139,45-17,frauenvondamals,"@lostcooki3 Ja, das verstehe ich. Gleichzeitig sind sogar Gef√ºhle tats√§chlich kulturell und historisch bedingt - da gibt es ganz spannende Forschung zu (Stichwort Emotionsgeschichte oder Gef√ºhlsgeschichte). Und so war es z. B. sogar ein Zeichen von Treue gegen√ºber der mit 27 verstorbenen ersten Frau meines Ur-Urgro√üvaters, dass er 2 Monate nach deren Tod ihre ledige schwangere kleine Schwester heiratete - was dann meine Ur-Uroma wurde, und jetzt lass ich es mit den Familiengeschichten ... üòÑ",2021-06-05T14:28:39.000Z,9 likes,45,https://www.instagram.com/p/CPtElDbrHQY/,comments7688143587910139783.csv
12,7,aljoritz,"@pumpi089 Kurt Huber war doch dein Gro√üvater, oder?",2021-07-11T09:52:12.000Z,0,-,https://www.instagram.com/p/CRJ_KIBs7Ix/,comments2105032599733204628.csv
35,36,ralle_van_stemmert,Die Kartoffeln in St√§bchen schneiden und in √ñl ausbacken. Der Franzose nennt das Pommes Frites. Hat mein Gro√üvater mal in Paris gegessen.,2022-02-02T14:36:28.000Z,0,-,https://www.instagram.com/p/CZeWStusQoE/,comments-2390463440075664599.csv
34,15,wunderweltwald,"Mein Gro√üvater war an der Ostfront und es gibt √§hnliche Bilder im Fotoalbum. Unvorstellbar diese Gewalt, √Ñngste und die K√§lte. üò¢",2021-11-18T07:46:11.000Z,4 likes,-,https://www.instagram.com/p/CWYt78xj6jv/,comments-2882472356441717724.csv
35,15-1,ppp.krs,@wunderweltwald jo unverstellbar die Gewalt deines Gro√üvaters,2022-02-19T05:17:03.000Z,12 likes,15,https://www.instagram.com/p/CWYt78xj6jv/,comments-2882472356441717724.csv
82,24,reiner_bausch,"Hi, also ich kann nur von den Erz√§hlungen meines Gro√üvaters berichten, er war N√∂rdlich von Murmansk hinter dem Polarkreis. Er erz√§hlte immer, das einzige Mal wo er er einen Schuss abfeuerte war, als er einen Eisb√§ren von der Speisekammer fern halten wollte. Er hatte eine Holzschatulle gebastelt die meinem BESITZ IST, AUF SER Szenen von dort gezeichnet hat. Sehr eindrucksvoll.",2021-11-17T22:10:09.000Z,5 likes,-,https://www.instagram.com/p/CWYt78xj6jv/,comments-2882472356441717724.csv
83,24-1,ichbinsophiescholl,"#TeamSoffer Wir bedanken uns bei dir, dass du deine Geschichte mit uns und der Community teilst. Wie sch√∂n, dass du mit deinem Gro√üvater pers√∂nlich dar√ºber sprechen konntest, auch wenn die Erinnerungen an diese Zeit nur schwer vorstellbar sind. Dennoch ist es umso wichtiger diesen Geschichten Platz zu geben. Vielen Dank daf√ºr!",2021-11-18T12:53:48.000Z,3 likes,24,https://www.instagram.com/p/CWYt78xj6jv/,comments-2882472356441717724.csv
97,27,babys_seelenreich_bei_doris,"Mein geliebter Gro√üvater war dort. Er hat √ºberwacht und befehle weitergegeben. Ich erinnere mich an die von mir gemalten Bilder Alleen hab ich als Kind gemalt. Und immer wieder Galgen. Ich bin 1957 geboren. Kinder sp√ºren das unausgesprochene der Eltern und Grosseltern. Kinder erz√§hlen mit ihrem Tun die Themen die sie belasten. Hab ich die Galgen gemalt, f√ºr die mein Opa die Befehle weitergegeben hat und T√§ter war? Meine intuition, die h√∂here Weisheit sagt: ja.",2021-11-17T20:58:58.000Z,5 likes,-,https://www.instagram.com/p/CWYt78xj6jv/,comments-2882472356441717724.csv
21,14,palandtine,"Ich glaube, dass der Gro√üteil der Bev√∂lkerung zu der Zeit des Krieges damit besch√§ftigt es, Lebensmittel zu besorgen, Heizmaterial zu organisieren und irgendwie durchzukommen. Die Soldaten an der Front waren, zumindest nach den Erz√§hlungen meines Gro√üvaters damit besch√§ftigt, nicht zu sterben. Ich f√ºr mich wei√ü ehrlich gesagt auch nicht, ob ich nicht auch versucht h√§tte, mich in der Situation zu arrangieren. Schlie√ülich wu√üte zu diesem Zeitpunkt noch niemand, ob, wie und wann der NS-Staat untergeht. Und ich glaube ehrlich gesagt, dass die meisten versucht haben sich zu arrangieren, auch um selbst Vorw√§rtskommen. Auch wenn man daf√ºr einiges schlucken musste und viele Grausamkeiten ignorieren musste. Die Menschen, die nach 1945 gleich in die zweite Diktatur geraten sind haben auch lange genug versucht, sich im Sozialismus zurechtzufinden.",2021-11-03T19:02:29.000Z,1 like,-,https://www.instagram.com/p/CV0qlRXM0mb/,comments-274343318209930247.csv
6,7,hejlissy,"Alle Br√ºder meines Gro√üvaters waren im Krieg. Mein Gro√üvater war zu jung f√ºr die Armee, hat aber mitbekommen, wie kaputt der Krieg alle gemacht hat. Einer ist in Stalingrad gefallen, der andere ist eine der letzten (oder sogar die letzte) Transportmaschinen zur Evakuierung geflogen. Er erz√§hlt immer, da√ü sein Bruder ihm einmal erz√§hlt hat, da√ü die Maschiche vollkommen √ºberf√ºllt war und das Soldaten auf die Rollbahn gelaufen sind. Teilweise √ºberrollt wurden, weil die Maschinen nicht mehr hoch gingen. Und das er erst sp√§ter erfahren hat, da√ü sein Bruder, der in der 6.Armee war, es nicht zu einem der Flugzeuge geschafft hat und nie mehr aufgetaucht ist. Er ist depressiv geworden, weil er seinen Bruder nicht retten konnte.",2022-02-03T19:33:41.000Z,44 likes,-,https://www.instagram.com/p/CZgmOTos_sU/,comments3988249259719151894.csv
70,34-12,_anni87_,@heikegumz die meisten Soldaten waren wohl traumatisiert und erz√§hlten daheim √ºberhaupt nichts vom Krieg. M√§nner redeten damals zumeist eh nicht √ºber Gef√ºhle. Mein Gro√üvater hat bis zu seinem Tod so gut wie nichts daheim erz√§hlt.,2021-09-02T19:07:32.000Z,0,34,https://www.instagram.com/p/CTSSVmrMWKX/,comments-7069554303390778646.csv
2,3,die_aesthetin,"Ich liebe die Schlager aus der Zeit eurer Kindheit, zum Beispiel ""Wenn der Wind weht √ºber das Meer, tr√§gt er mein Lied in die Heimat"" oder ""Lebe wohl, gute Reise, und denk an mich zur√ºck..."". Wahrscheinlich, weil es die Jugendheit meines geliebten Gro√üvaters war. <3",2021-12-06T22:36:30.000Z,0,-,https://www.instagram.com/p/CXEDyYnsf_W/,comments899918456282448298.csv
13,12,caeroliner,"Mein Gro√üonkel ist w√§hrend des Krieges psychotisch geworden und ist dann in eine Einrichtung gekommen. Mein Urgro√üvater hat dann durch h√∂rensagen mitbekommen, dass dort ""ungute"" Dinge passieren und konnte ihn aus der Anstalt herausholen. Leider wei√ü ich nicht, wie er es gemacht hat. Bis 2006 hat der Gro√üonkel dann noch leben k√∂nnen. :)",2021-11-02T21:52:26.000Z,17 likes,-,https://www.instagram.com/p/CVxWLDTsXWU/,comments5564937417552926504.csv
28,20,marcelregnier,"Mensch @ichbinsophiescholl du bist wirklich gut informiert, schlimm was da passiert. Wie geht es Fritz eigentlich, hast du wieder Post von der Front bekommen? Mein Gro√üvater ist mit der 14. Panzerdivision auch in Stalingrad, die Versorgungslage soll katastrophal sein. Wei√üt du zu diesem Zeitpunkt mehr?",2021-11-02T18:29:00.000Z,1 like,-,https://www.instagram.com/p/CVxWLDTsXWU/,comments5564937417552926504.csv
111,61,heylookitsalex_,"Mein Urgro√üvater war psychisch erkrankt. Als Folge seiner Erkrankung und aus deutlicher √úberforderung heraus gab meine Urgro√ümutter ihn damals in psychiatrische Behandlung nach Wiesloch. Nicht lange sp√§ter kam der Brief, dass er an Tuberkulose verstorben sei. Dies war eine der Erkrankungen, die den dort Angestellten in Form einer Liste an die Hand gegeben wurde, um die vielen Totenscheine auszustellen. Jede/r Angeh√∂rige solle ja schlie√ülich Bescheid √ºber den Verbleib der Kinder/Eltern/Geschwister bekommen. Mein Urgro√üvater wurde nach mehreren Verlegungen, um die Spuren zu verwischen, in Hadamar ermordet. √Ñhnlich auch sein Bruder: Mein Urgro√üonkel war nach Ansicht der Nationalsozialisten geistig zur√ºckgeblieben. Um diese sogenannten ‚ÄûErbkranken‚Äú von der Vermehrung abzuhalten wurden Betroffene oftmals zwangssterilisert. Dies traf zu auf all diejenigen, die nicht der gesunden Rasse zuzuordnen waren, also z.B. Sintize und Romnja, Menschen mit Behinderung jeglicher Art, Alkoholkranke etc.
Viel zu selten wird dar√ºber berichtet, dass die systematische Ermordung zehntausender Menschen mit Behinderung, deren Leben in den Augen der Nationalsozialisten nicht lebenswert war, im Grunde genommen der Testlauf f√ºr den Holocaust darstellte. An diesen hilflosen Seelen, die mit grauen Bussen in ihren Einrichtungen abgeholt und ihrem grausamen Schicksal zugef√ºhrt wurden, erprobte man den Einsatz verschiedener Mittel, bis man sich letztlich f√ºr Zyklon B entschied. Die Euthanasie, wie sie noch heute genannt wird, zusammengesetzt aus ‚Äûeu‚Äú f√ºr ‚Äûgut‚Äú und ‚Äûthanatos‚Äú f√ºr ‚ÄûTod‚Äú, wird ihrem Namen in Leinster Weise gerecht.",2021-11-02T11:58:37.000Z,81 likes,-,https://www.instagram.com/p/CVxWLDTsXWU/,comments5564937417552926504.csv
9,10,tendency.mag,In Stalingrad k√∂nnte mein Gro√üvater mitgesungen haben. Leider d√ºrfte ich ihn nie kennen lernen.,2021-12-25T12:19:19.000Z,0,-,https://www.instagram.com/p/CX3no6KlpbI/,comments-7678315294654487670.csv
21,22,pijoeth,"""Gott sei Dank war es kein Traum! ""??? Besser, du h√§ttest es nur getr√§umt, dann h√§ttest du vermutlich √ºberlebt. So nimmt das Schicksal nun seinen Lauf. Und ob man anschlie√üend Gott daf√ºr danken soll, sei einmal dahingestellt. Mein Gro√üvater war auch Widerstandsk√§mpfer und drei Jahre im KZ gewesen. Zu der Zeit hat er seinen Glauben verloren... üò¢üò¢üò¢",2021-07-26T09:31:44.000Z,8 likes,-,https://www.instagram.com/p/CRyNfkzMMfK/,comments-6851450748016247307.csv
19,18,honigkuchenmausi,"Furchtbar, was damals geschah. Ich habe letztens erst erfahren, dass mein Urgro√üvater sich Hitler-kritisch ge√§u√üert hatte und es ihm dann nahegelegt wurde schnellstm√∂glich der SA beizutreten, da er sonst abgeholt werden w√ºrde und nicht mehr wieder k√§me. Viele sind Hitler aus freien St√ºcken gefolgt, aber man darf nie vergessen, dass es auch viele aus Angst um Leib, Leben und Familie taten.",2021-08-10T05:32:08.000Z,2 likes,-,https://www.instagram.com/p/CSXH2VIDz3h/,comments2039732096683415815.csv
104,59,eva_m_sch5,"Werde krank, dann kannst du nicht arbeiten. Eine rohe Kartoffel essen. Das erzeugt Fieber. Nicht zu viel, ist giftig. Woher ich das wei√ü? Von meinem Gro√üvater.",2021-08-09T17:11:55.000Z,81 likes,-,https://www.instagram.com/p/CSXH2VIDz3h/,comments2039732096683415815.csv
50,17,_hippie_unicorn,"Ich muss sofort an meinen Urgro√üvater ( den ich nie kennen gelernt habe ) denken. Mein Opa (mittlerweile fast 92 Jahre alt) hat mir erz√§hlt, dass sein Vater Flugbl√§tter gegen das Regime auf Toiletten von Gastst√§tten (in kleinen D√∂rfern) verteilt hat. Mein Gro√üvater ist auch von Beginn an damit aufgewachsen, dass Hitler ein b√∂ser Mensch ist. Und wer hat meinen Urgro√üvater verraten? Seine eigene Schw√§gerin üò≤üò™. Er hatte das Gl√ºck, dass er ""nur"" mit Arbeitslager bestraft wurde und das auch kurz vor Kriegsende. Er hat tats√§chlich √ºberlebt. Wobei mein Gro√üvater bis heute sagt, das war nur noch die H√ºlle und nicht mehr sein Vater.",2021-08-08T07:09:03.000Z,9 likes,-,https://www.instagram.com/p/CSR50AbMAvF/,comments5511446747071241701.csv
1,2,corneliushein,"Hallo Sophie, mein Gro√üvater Siegfried Abramczik hat in der Zeit des Nationalsozialismus meine Gro√ümutter Eva geheiratet. Er hatte ein wenig j√ºdischess Blut (glaube 1/8) in seinen Adern. Deswegen haben sie damals Probleme bekommen und kurz vor ihrer Hochzeit ist sogar ein Bruder von meiner Oma in Marine Uniform quer durch Berlin gefahren, um sie davon abzuhalten, meinen Opa zu heiraten. Sie haben trotz allem geheiratet und waren bis zu ihrem Tot im hohen Alter zusammen, sonst k√∂nnte ich das jetzt ja auch nicht schreiben...",2021-11-08T13:43:00.000Z,10 likes,-,https://www.instagram.com/p/CV8WBxSsKFb/,comments-1238817253976130177.csv
231,192,christi_niki,"Sch√∂ne Schuhe! Mein Gro√üvater sagte zu meinem Vater: ‚ÄûWir k√∂nnen uns keine billigen Schuhe leisten.‚Äú
Da ist soviel Wahres dran. Echte Qualit√§t - gut gepflegt - h√§lt und ist so viel billiger und besser f√ºr die Umwelt als billiger Tand. ‚ù§Ô∏è",2021-05-12T07:37:42.000Z,21 likes,-,https://www.instagram.com/p/COw4ibVKm2i/,comments-481741271548181580.csv
33,22,leahcim_norab,"Woroschilowgrad, da war mein Gro√üvater nach dem Krieg in russischer Kriegsgefangenschaft‚Ä¶",2021-08-12T18:05:58.000Z,2 likes,-,https://www.instagram.com/p/CSeaSeGMfJz/,comments-8807645824499723215.csv
101,58-5,sebastian_aus_bielefeld,"@ichbinsophiescholl ich habe noch einen Stapel feldpostbriefe meines Gro√üvaters (der Vater meiner Mutter, den sie nie kennenlernen konnte). Der hie√ü auch Fritz, war zu der Zeit aber schon √§lter und wahrscheinlich 1944 tot. Bin etwas ber√ºhrt gerade... ""Nie wieder Faschismus - Nie wieder Krieg."" Das war Zeit ihres Lebens die Haltung meiner Mutter.",2021-08-13T05:01:19.000Z,26 likes,58,https://www.instagram.com/p/CSeaSeGMfJz/,comments-8807645824499723215.csv
102,58-6,ichbinsophiescholl,"@sebastian_aus_bielefeld #TeamSoffer Diese Zeitdokumente musst du unbedingt gut aufbewahren. Lieben Dank, dass du die Geschichte deines Gro√üvaters mit uns teilst!",2021-08-13T08:39:24.000Z,3 likes,58,https://www.instagram.com/p/CSeaSeGMfJz/,comments-8807645824499723215.csv
4,5,logbuch_nordwest,"Heine Bolks, mein Gro√üvater, wurde als politischer Gefangener 1944 inhaftiert und ins Gef√§ngnis gesteckt. Aus Angst, der niederl√§ndische Widerstand w√ºrde ihn dort befreien, wurde er in ein Konzentrationslager √ºberstellt. Hier kam er mit schwersten Verletzungen und einem Bajonett im Bein an und wurde als Todeskandidat sofort in den ‚ÄûBunker‚Äú gesteckt. Noch im M√§rz 1945 wurde er auf der Schiessbahn des Polizeilichen Durchgangslagers Amersfoort hingerichtet. W√§hrend dies bei den 98 anderen Gefangenen mit richtiger Munition geschah, entschied man sich bei ihm dazu, Leuchtmunition zu verwenden. Er verbrannte also innerlich. Wir wissen, dass er standhaft war und keinen seiner Freunde aus dem Widerstand verraten hat, denn niemand wurde jemals belangt. Er hat dies mit seinem Leben bezahlt. Wenn ich die Zeilen hier lese macht es mich traurig und zornig zugleich.",2021-10-26T07:25:34.000Z,55 likes,-,https://www.instagram.com/p/CVc2hOgsY5O/,comments6961393623625053262.csv
1301,1302,utaskunstwerkstatt,"Meine Gro√ümutter war nur 6 Jahre √§lter und war gl√ºhende Nationalsozialistin. Ihr Mann, mein Gro√üvater, hat viele J√ºd:innen um ihr Leben gebracht. Ich sch√§me mich.

Meine ganze Hochachtung gilt Deinem Mut, deinem Einsatz, deiner Liebe zur Gerechtigkeit, liebe Sophie.
Hass und Krieg sind NIEMALS eine L√∂sung. Sie geb√§ren nur noch mehr Leid. Mit dem Blick auf den Ukrainekonflikt heute das wichtigste, was wir tun k√∂nnen: AUFSTEHEN gegen Hass. AUFSTEHEN f√ºr Gerechtigkeit und W√ºrde.

Danke f√ºr dieses sehr ber√ºhrende Projekt.",2022-02-22T16:14:22.000Z,74 likes,-,https://www.instagram.com/p/CaSRa0DMu8x/,comments-1738839100022462980.csv
19,20,madam.herpein,"""Engel auf den Feldern singen
Stimmen an ein himmlisch Lied
Und im Widerhall erklingen auch die Berge jauchzend mit"" - auch wenn mein Urgro√üvater es gerne anders gehabt h√§tte, wir feiern Weihnachten. Frohe Weihnachten, Sophie ‚ù§Ô∏è",2021-12-26T20:45:37.000Z,0,-,https://www.instagram.com/p/CX8LQC9MHJ-/,comments-3004238290731104760.csv
668,669,julia.gdf_,"Ich muss ehrlich zugeben, dass ich am Anfang sehr skeptisch war...ich befasse mich sehr viel mit der Geschicht rund um den 2. Weltkrieg, da mein Urgro√üvater im Krieg gefallen ist. Ich muss aber sagen, ich bin begeistert! Es war spannend, aufregend, be√§ngstigend und doch wundersch√∂n mitanzusehen. Es ist eine absolut andere Erz√§hlweise der Geschichte und ich fand sie gro√üartigüòç. Mit jeder Story oder jedem Beitrag mitzufiebern und doch irgendwo auch zu wissen, was passiert und wie es endet, hat es so nahbar gemacht, als w√ºrde es gerade jetzt passieren. Gro√üartige schauspielerische Leistung! Die letzte Story mit dem schwarzen Bild, hat mit den Atem in der Kehle stocken lassen..es brauchte kein Wort und doch wei√ü man was passiert ist. Ein unglaublich tolles Projekt, die Geschichte der Geschwister Scholl in die heutige Zeit zu holen und sie erneut zu erz√§hlen! #teamsoffer #ichbinsophiescholl @ichbinsophiescholl",2022-02-18T14:34:08.000Z,0,-,https://www.instagram.com/p/CaHkfORKgdm/,comments4463772888058326181.csv
62,63,nadine.gessi,"Mein Gro√üvater wurde als 4. Kind damals aufgrund einer weiteren Pr√§mie die es gab Adolf genannt. Ich wusste lange nicht, dass er so hie√ü, weil er einen anderen Rufnamen hatte. Irgendwann habe ich durch Zufall seinen Ausweis gesehen und da hat es mir meine Oma dann erz√§hlt. Und es war ihr immer noch ein wenig peinlich.",2022-01-25T17:13:11.000Z,82 likes,-,https://www.instagram.com/p/CZKRQmbssJ4/,comments-1093181261621933110.csv
114,60-4,ichbinsophiescholl,"@elemariee #TeamSoffer Eine unheimlich mutige und starke Entscheidung deines Urgro√üvaters! Danke, dass du diese r√ºhrende Geschichte mit uns geteilt hast. ‚ô•Ô∏è Liebe Gr√º√üe und nur das Beste f√ºr dich und deine Familie!",2021-08-03T10:40:46.000Z,66 likes,60,https://www.instagram.com/p/CSG3mRvMC6M/,comments-1298091647424910256.csv
20,21,humans_sucks_,"Vielleicht ist das jetzt etwas unpassend, aber mein Gro√üvater der im selben Alter wie Sophie (*19.05.1921) war, wurde w√§hrend des Krieges als junger Wehrpflichtiger, ebenfalls haupts√§chlich an der Ostfront eingesetzt, und wenn ich hier die ganzen Geschichten √ºber Hans, Alex oder auch Fritz lese, hat man schon ein wenig das Gef√ºhl, sich in seine damalige Situation ein wenig besser hinein denken zu k√∂nnen, da das Projekt mitunter auch wahre Fallbeispiele aufzeigt, wie junge Menschen diese Zeit damals erlebt haben.",2021-07-23T18:00:48.000Z,54 likes,-,https://www.instagram.com/p/CRrPiPtsGCj/,comments-920575869997890112.csv
137,81-1,jonassanger4,@torssten_ dann schau dir den geschichtlichen Hintergrund an. Damals hat jeder von den Kindern bis zu dem Gro√üvater geraucht. Man h√§tte denke ich nicht anders den Krieg aushalten k√∂nnen,2021-09-26T11:08:44.000Z,43 likes,81,https://www.instagram.com/p/CUSE4T3jiJx/,comments-1881378773777086839.csv
76,44,stefanesser8315,Da ich nun genau wei√ü was Mein Gro√üvater und seine Br√ºder so im zweiten Weltkrieg so getrieben haben Stelle ich mir eine kurze Frage? Was hat Oma im zweiten wirklich gemacht?,2021-05-31T17:49:17.000Z,0,-,https://www.instagram.com/p/CPidUXZKcq3/,comments8963211296755535549.csv
108,62,kreativ435,"Meine Mutter war im BDM, ihr gefiel die Uniform so gut. Ihren Eltern war es sehr recht um die st√§ndigen Besuche der GESTAPO zu umgehen. Mein Gro√üvater war aktives Mitglied der SPD und stand auf der Liste der Gestapo. Schlu√üendlich verschleppte man ihn in ein Konzentrationslager. Mit schwersten Verletzungen wurde er entlassen und verstarb letztendlich an den Misshandlungen. Das alles hat nicht verhindern k√∂nnen, dass meine Mutter bis zu ihrem Tod die Fahne hoch hielt. Andere Menschen (wenn auch vergleibar wenige) haben sich anders und gegen Hass und Unrecht entschieden. Ich habe lange versucht, eine Erkl√§rung f√ºr das Verhalten meiner Mutter zu finden. Es ist mir nicht gelungen. Zumal sie immer wieder versuchte, ihr Gedankengut an uns Kinder weiter zu geben. Erst im Alter von 14 oder 15 Jahren wurde mir bewusst, was sie da versucht hatte. Ich begriff alles erst, nachdem ich mir die Informationen selbst angelesen habe. In meiner Schulzeit wurde diese sehr schlimme Zeit einfach totgeschwiegen. Ich w√ºrde mir w√ºnschen, dass ganz viele junge Menschen sich mit dieser Thematik auseinander setzen. Hut abüëã",2021-05-31T14:58:39.000Z,444 likes,-,https://www.instagram.com/p/CPidUXZKcq3/,comments8963211296755535549.csv
115,62-7,behlffn,"@kreativ435 meine Mutter war ebenfalls im BDM und mein Gro√üvater ein √ºberzeugter Nazi! Es war erst schwer f√ºr meine Mutter alles zu begreifen, dann aber hat sie sich sehr schnell f√ºr die Demokratie, Frieden und Freiheit entschieden! Sie hat ihr gesamtes Leben darunter gelitten, so erzogen worden zu sein und sich f√ºr das Nazi Deutschland zu tiefst gesch√§mt! Sie hat mich und meine Geschwister tolerant und offen erzogen und dar√ºber hinaus sehr kritisch und sie war am Ebde ihres Lebens Buddhistin und eine sehr intelligente soziale Frau! Ich bin ihr von ganzem Herzen dankbar",2021-05-31T20:14:45.000Z,19 likes,62,https://www.instagram.com/p/CPidUXZKcq3/,comments8963211296755535549.csv
15,16,christophergreverode,"Pa√ü auf Dich auf, Sophie! Mein Gro√üvater hat es auch versucht, und er hat es mit dem Leben bezahlt. Dieses Regime ist gnadenlos und menschenverachtend.",2021-12-01T21:12:56.000Z,1 like,-,https://www.instagram.com/p/CW8VWhqs2WN/,comments699163584045019193.csv
71,45-7,manekin.peace,"@frauenvondamals Danke f√ºr die Info. Der Onkel meines Gro√üvaters war damals bei einer Einheit, die Spuren des Massenmordes in Lidice vertuschen sollten. War echt nicht einfach das heraus zu finden, weil das in der Familie verschwiegen wurde...",2021-06-12T13:17:11.000Z,6 likes,45,https://www.instagram.com/p/CP8sHAGqI3A/,comments7720553957663061356.csv
