Link;Hash
https://www.instagram.com/p/COSf8ynHGDu/;4837711645303630939
https://www.instagram.com/p/COSf_2EnGep/;3829118051648402792
https://www.instagram.com/p/COSgCgjHW5T/;5584027966777352929
https://www.instagram.com/p/COSgpehnqpQ/;-6224375927566039685
https://www.instagram.com/p/COSguK2HCXd/;-5892398317152684451
https://www.instagram.com/p/COSgyqYH_ZT/;6337040622781346729
https://www.instagram.com/p/COcrpobqzgm/;7385455139404683020
https://www.instagram.com/p/COdJeRTH9Es/;6361497852839940702
https://www.instagram.com/p/COfMhUGnFjR/;-1800660370830306099
https://www.instagram.com/p/COfZ6lfH7Mx/;191930076569263371
https://www.instagram.com/p/COf1sXcnyyI/;-8325248756168623337
https://www.instagram.com/p/COh3qlonTmM/;-7389597601222726535
https://www.instagram.com/p/COkOXbZnnGK/;1846837214501728826
https://www.instagram.com/p/COnXOjgHo4O/;-3404222887872852010
https://www.instagram.com/p/COpScymKXtn/;-1380172067249326352
https://www.instagram.com/p/COqYF8OKIYE/;-3285157039413782559
https://www.instagram.com/p/COsqM85qZx2/;-3783062941682509745
https://www.instagram.com/p/COvMLLpn5pI/;796522130439419829
https://www.instagram.com/p/COvbU7Rnpwa/;5594221217485541908
https://www.instagram.com/p/COw4ibVKm2i/;6076282627108088514
https://www.instagram.com/p/COxwoSwHdHR/;-6664166518849070196
https://www.instagram.com/p/CO3NpGSHm4S/;2513168808320217097
https://www.instagram.com/p/CO5l7RJKnSp/;-8531809097234862223
https://www.instagram.com/p/CO5yZnjnqE_/;-1407895531850598544
https://www.instagram.com/p/CO7bXwbnI-F/;72109434633230734
https://www.instagram.com/p/CO8Ckg0qi-N/;-8218021147438041034
https://www.instagram.com/p/CPBTe7jHkEW/;-1562228447492569687
https://www.instagram.com/p/CPBa7dTnZDz/;-4521475839322865572
https://www.instagram.com/p/CPEDziwHX6H/;-2944427585072480949
https://www.instagram.com/p/CPLRi48nrz7/;-6095058223508583522
https://www.instagram.com/p/CPLYhQFnWAp/;531739812916467943
https://www.instagram.com/p/CPODxD9Hr1J/;-864337145562679445
https://www.instagram.com/p/CPOLN4gqi3k/;2776378305084543739
https://www.instagram.com/p/CPQbAoEK7zZ/;-397207862918725269
https://www.instagram.com/p/CPQsVCvnV0m/;-7026419816962666148
https://www.instagram.com/p/CPdrSgmHJ40/;2904273269941555275
https://www.instagram.com/p/CPfYuMvKmnR/;-511138824687073786
https://www.instagram.com/p/CPidUXZKcq3/;-8871357849226695961
https://www.instagram.com/p/CPlTahqKUGG/;-958571154793525812
https://www.instagram.com/p/CPnHGtfH9Um/;3854506429534162682
https://www.instagram.com/p/CPsv70VNO5v/;-1420271142005506656
https://www.instagram.com/p/CPtElDbrHQY/;3896003939167112651
https://www.instagram.com/p/CPyN-sqoYOy/;4913389848762157522
https://www.instagram.com/p/CP0SHTyrOdC/;5849194721968417139
https://www.instagram.com/p/CP5TPZPqTXq/;-7123265027428578475
https://www.instagram.com/p/CP5d4xPnw3N/;6431954749969884665
https://www.instagram.com/p/CP8sHAGqI3A/;-5417179748989135518
https://www.instagram.com/p/CQA6smjghPW/;-9056480802015349059
https://www.instagram.com/p/CQBPUn-rYcr/;-4084300814127171372
https://www.instagram.com/p/CQBmtayKdc9/;3263196830263117685
https://www.instagram.com/p/CQDwp0_IeCD/;8970186132572859271
https://www.instagram.com/p/CQF57nxNXvM/;4370649200072788356
https://www.instagram.com/p/CQHMbLIs525/;-5544697005414199821
https://www.instagram.com/p/CQJEXJmqqTg/;1647784226320278700
https://www.instagram.com/p/CQNsJE9nUKY/;-5806151702913116926
https://www.instagram.com/p/CQOiixUHjQr/;-1362865712721151466
https://www.instagram.com/p/CQVaJXzI1Kk/;-4355101305012373865
https://www.instagram.com/p/CQX_pVLnalp/;-9047363642232113137
https://www.instagram.com/p/CQYrmTjnjJp/;-9151180039000118793
https://www.instagram.com/p/CQajy2VgUVj/;-6799558141920988430
https://www.instagram.com/p/CQf3vjKHh_m/;487850079702613630
https://www.instagram.com/p/CQiZabVHoYJ/;-4712779856212214827
https://www.instagram.com/p/CQni4dmqGB_/;6151638386563690463
https://www.instagram.com/p/CQnmqFMn0Bq/;7990636432371555262
https://www.instagram.com/p/CQns7WFIpYA/;-3068036017962590423
https://www.instagram.com/p/CQqGPxaHlUK/;-599847760859384334
https://www.instagram.com/p/CQtcnzhsjDH/;-2326278488062690860
https://www.instagram.com/p/CQvb607sC8F/;-1269226096462500797
https://www.instagram.com/p/CQ547NFqh4f/;6794490158686976518
https://www.instagram.com/p/CQ6Gg_oo61Y/;2914548599366565870
https://www.instagram.com/p/CQ9BmkbMm9a/;149709774277407026
https://www.instagram.com/p/CRBj-vMMbu6/;7623034489561196108
https://www.instagram.com/p/CRChS82qNxu/;9133703331702583354
https://www.instagram.com/p/CRDs8arsJZC/;2472004931293013400
https://www.instagram.com/p/CRJ_KIBs7Ix/;-4208067833696856059
https://www.instagram.com/p/CRMBOL1IpYA/;-7985163840505824346
https://www.instagram.com/p/CRPQkDRsXY5/;-2627860412133201601
https://www.instagram.com/p/CRQ9TIDqMdm/;5072013685228988714
https://www.instagram.com/p/CRRtn65M7xf/;-6091251438919050481
https://www.instagram.com/p/CRT2q8XMMke/;-3849894373895317328
https://www.instagram.com/p/CRWz2JZMx0i/;-3195563783607664601
https://www.instagram.com/p/CRY5fAGqVZn/;-7094444585128893934
https://www.instagram.com/p/CRbqcHTs2nB/;584451896251045438
https://www.instagram.com/p/CRb-QgoMvoh/;-7183264270423389353
https://www.instagram.com/p/CRcOWPMsPD3/;4520556238872404824
https://www.instagram.com/p/CReCzWRouMn/;1883958829664677960
https://www.instagram.com/p/CRggVjNMe-E/;9105123021691442549
https://www.instagram.com/p/CRj6CR8MQa8/;-9120011243107456269
https://www.instagram.com/p/CRlx457sy3V/;559322684561173495
https://www.instagram.com/p/CRl4a76s-7N/;977261501002706131
https://www.instagram.com/p/CRoBaGTKZWm/;2136892430451742262
https://www.instagram.com/p/CRo0-uOssou/;-8009122334199361317
https://www.instagram.com/p/CRqYewTMy0b/;4147099844534141683
https://www.instagram.com/p/CRrPiPtsGCj/;2637407606991541108
https://www.instagram.com/p/CRvpvT0qM5N/;3862938358001638287
https://www.instagram.com/p/CRv9ajeItg3/;-2978662197598700335
https://www.instagram.com/p/CRyNfkzMMfK/;5866278240057930684
https://www.instagram.com/p/CRywdG1MeGw/;-8376901045161753105
https://www.instagram.com/p/CR1bIroqkhw/;8508670840992993205
https://www.instagram.com/p/CR4Dp3bMypy/;-8725159989010597727
https://www.instagram.com/p/CR4Ob3vK6Nt/;2057767210205291940
https://www.instagram.com/p/CR6bBaMMf-N/;-1898852860300789343
https://www.instagram.com/p/CR9KHFJMm9n/;632148233168247668
https://www.instagram.com/p/CSBjt4asg_J/;-739299971062540918
https://www.instagram.com/p/CSCaMn2j6Hg/;305005378944989221
https://www.instagram.com/p/CSCme6ejDuv/;-7448522575307595487
https://www.instagram.com/p/CSCoRbtobh2/;1189420644206294805
https://www.instagram.com/p/CSENWcvMXQq/;-7464777298610946704
https://www.instagram.com/p/CSG3mRvMC6M/;-3207972641551630557
https://www.instagram.com/p/CSHdT-JM-tf/;5611518186109907236
https://www.instagram.com/p/CSJ1eJuMzZb/;-3976545332298395720
https://www.instagram.com/p/CSMgQgiMreY/;-339863847760099762
https://www.instagram.com/p/CSOpVdzMet5/;5144353138979817125
https://www.instagram.com/p/CSO94PYsjFv/;-2618340790038627286
https://www.instagram.com/p/CSR50AbMAvF/;1176740872082481064
https://www.instagram.com/p/CSUHeeGIznP/;-374440872349015589
https://www.instagram.com/p/CSUIr8WM8El/;-4795405597979551861
https://www.instagram.com/p/CSWsPu8MSZ_/;-8643164225137009798
https://www.instagram.com/p/CSXH2VIDz3h/;1708295567560203752
https://www.instagram.com/p/CSYzHSoMbBD/;6165894899138506688
https://www.instagram.com/p/CSZiAkJDAXF/;-8555660857076028730
https://www.instagram.com/p/CSbhSJ9DjIW/;8417970278226763258
https://www.instagram.com/p/CSboLbxsIKM/;-6710142032069534806
https://www.instagram.com/p/CSeaSeGMfJz/;1068771534763439096
https://www.instagram.com/p/CShQyBBD0Yt/;5516347483552167475
https://www.instagram.com/p/CSjVcYPjgQi/;-2630415796041939931
https://www.instagram.com/p/CSkQUuFj6k8/;-6166731040958185825
https://www.instagram.com/p/CSlmu6Fo-7y/;4165267641084066745
https://www.instagram.com/p/CSluIqysJ17/;-5164771343568328194
https://www.instagram.com/p/CSoA5zBMF-L/;-7419553537475503392
https://www.instagram.com/p/CSouUcSs0mp/;-6733464755626565175
https://www.instagram.com/p/CSpk_pDs2op/;-2031080556321375686
https://www.instagram.com/p/CSrZldLDyEL/;3082040537902104388
https://www.instagram.com/p/CSwErICjY1K/;-2106923741534729118
https://www.instagram.com/p/CSwjGOKjgaO/;3860046516640161434
https://www.instagram.com/p/CS1bkb8sZJn/;-920903188274960280
https://www.instagram.com/p/CS1z8qxMe0H/;-8365747395371181215
https://www.instagram.com/p/CS4RyXJjEfg/;7535790035594204640
https://www.instagram.com/p/CS4YTH-oXu9/;-3562522660337351686
https://www.instagram.com/p/CS4fLoLMnE2/;-7985758455126566812
https://www.instagram.com/p/CS6MvKtD91X/;5164902515208245763
https://www.instagram.com/p/CS7HFj8juHf/;7905168589532645777
https://www.instagram.com/p/CS_JjYaswBu/;581958393671660373
https://www.instagram.com/p/CTAa6UcMTRt/;2513229525971996759
https://www.instagram.com/p/CTCd6mxjNRX/;8318788996342257836
https://www.instagram.com/p/CTCr9VfswAo/;-1517623405632792413
https://www.instagram.com/p/CTCyfsQssKu/;6237933823792662622
https://www.instagram.com/p/CTEPwCDsSq7/;5363887288570643844
https://www.instagram.com/p/CTEu3o7sfUz/;7749891500304951888
https://www.instagram.com/p/CTHPDUQjAOg/;-1671695767575152851
https://www.instagram.com/p/CTJ-cEdoPL7/;-9115064860289109407
https://www.instagram.com/p/CTKKypMjrkG/;4597662595927375651
https://www.instagram.com/p/CTNJBlZshj8/;-1376325848544566135
https://www.instagram.com/p/CTNMYNLjp2D/;-6270132418496027575
https://www.instagram.com/p/CTPE6WSMqHO/;3536262700550106301
https://www.instagram.com/p/CTP4FJAs8MZ/;2431977814102070781
https://www.instagram.com/p/CTSSVmrMWKX/;16761635836107381
https://www.instagram.com/p/CTVE1QSDrjB/;5059663303889233257
https://www.instagram.com/p/CTXfON3METC/;3994488716611494389
https://www.instagram.com/p/CTXmBk9sXp0/;2915965883904270313
https://www.instagram.com/p/CTbrYsBoe5P/;8205850404853427905
https://www.instagram.com/p/CTeC0QjM7IJ/;-7245502083293876346
https://www.instagram.com/p/CTedmR5MFvh/;-1654451151246559129
https://www.instagram.com/p/CTgnPJDsnVi/;1737086243062322443
https://www.instagram.com/p/CTharvxsT3a/;-1585797841006912180
https://www.instagram.com/p/CTjMDCrjFP6/;9088470990040379367
https://www.instagram.com/p/CTjrHywMlsf/;-7377675368655526184
https://www.instagram.com/p/CTkXKqkMnig/;-5119541658096802297
https://www.instagram.com/p/CTm8mMhI6hO/;3231538156779325302
https://www.instagram.com/p/CToWnn3MEKg/;-5391346462637812820
https://www.instagram.com/p/CTr7QHoMexO/;5331728576570804355
https://www.instagram.com/p/CTts8IyoMXB/;2698756817517164807
https://www.instagram.com/p/CTxIqRrsCxO/;9100314367482617437
https://www.instagram.com/p/CTzs3G7KVBU/;-6690154550253826601
https://www.instagram.com/p/CTz0Bxnqoi1/;-658082096434047757
https://www.instagram.com/p/CT1N0V1Mhu7/;-6408161397386569113
https://www.instagram.com/p/CT1pDnos7nU/;-4194207784055349927
https://www.instagram.com/p/CT4Rx5yMIDZ/;-441916655479020799
https://www.instagram.com/p/CT7f14lDG9o/;-6343849607164437999
https://www.instagram.com/p/CT7jIRvMelK/;-1952098388876691747
https://www.instagram.com/p/CT_ui7lIFG8/;5418700999863486888
https://www.instagram.com/p/CUCFkkdMndp/;-2881459216233321112
https://www.instagram.com/p/CUDFw3UD8tQ/;-6086306266994396255
https://www.instagram.com/p/CUFhTVMs4TN/;5940823752877226601
https://www.instagram.com/p/CUHPT3YD1Ru/;-5833197663236411088
https://www.instagram.com/p/CUKBscPj09E/;4559879600070429473
https://www.instagram.com/p/CUKrDz3svic/;-1673431560331117859
https://www.instagram.com/p/CUMmNHbD_eo/;-3819316485869242616
https://www.instagram.com/p/CUPSSJvsBI5/;-4666721787638023297
https://www.instagram.com/p/CUSE4T3jiJx/;-6536858691052718628
https://www.instagram.com/p/CUS0ztwDZsA/;-7767464170557776759
https://www.instagram.com/p/CUTJUbDIQtX/;3102479960641036418
https://www.instagram.com/p/CUU4V6DsNNB/;8474487409690595235
https://www.instagram.com/p/CUU-fZ9sCcM/;6019903566640977680
https://www.instagram.com/p/CUXAn2CjiX3/;-8101507211082986146
https://www.instagram.com/p/CUZ880WsV53/;7059417990956659646
https://www.instagram.com/p/CUZ_oNUDdl5/;-3494985930220322516
https://www.instagram.com/p/CUclbiQsezP/;-2959182791772131202
https://www.instagram.com/p/CUeaJ_HMj3R/;-7253991810919261087
https://www.instagram.com/p/CUe8Sn6M_r_/;-7964232467049260005
https://www.instagram.com/p/CUiabMZMcdV/;7231556537467041210
https://www.instagram.com/p/CUjxpAWIxsU/;-3250315016727327318
https://www.instagram.com/p/CUmWYQ_Mv9c/;-3083406426027210006
https://www.instagram.com/p/CUo0ZKEM-t1/;-1893936193919882148
https://www.instagram.com/p/CUpt_dMMcXu/;-1422969620563853154
https://www.instagram.com/p/CUrwtMZMOwt/;-7868379311293387308
https://www.instagram.com/p/CUt9_tqsiV-/;-556832806181093705
https://www.instagram.com/p/CUxLVZHjw9N/;7450373847034600246
https://www.instagram.com/p/CUzNglLjOGa/;7386860263027832369
https://www.instagram.com/p/CU1zL53o9pF/;826452289940229408
https://www.instagram.com/p/CU4iQZZMbdg/;3307534659439180262
https://www.instagram.com/p/CU-Uf-Ss9ol/;-8932152012479016501
https://www.instagram.com/p/CVAGGedspMi/;-6833230394208652257
https://www.instagram.com/p/CVDUUpusrx7/;2298747673811173454
https://www.instagram.com/p/CVDv_igDnPI/;3583298876867832411
https://www.instagram.com/p/CVF__6wMv1R/;3303160835602890523
https://www.instagram.com/p/CVIBwloMME-/;8224443064882996797
https://www.instagram.com/p/CVIrrvRIhIP/;2144891349481137363
https://www.instagram.com/p/CVKnoFvsEl1/;5720144563460671728
https://www.instagram.com/p/CVNTJU9safI/;-1420286595669155338
https://www.instagram.com/p/CVP-2LRMFGU/;-7386291882934735000
https://www.instagram.com/p/CVS-54DMY1_/;4866316248140205367
https://www.instagram.com/p/CVTP1n8DwRq/;2769081867053505498
https://www.instagram.com/p/CVVPQjDjtPm/;-2060561037244428102
https://www.instagram.com/p/CVVjEPsDP9x/;3755118323472403637
https://www.instagram.com/p/CVZ2XIfoaWn/;2750651633398905574
https://www.instagram.com/p/CVc2hOgsY5O/;3292943111014129828
https://www.instagram.com/p/CVdRvWYMCD-/;1191911081329842813
https://www.instagram.com/p/CVfAI_cszOS/;-2860380895109827975
https://www.instagram.com/p/CVfbhUcsIPR/;7127835257393922582
https://www.instagram.com/p/CVfjMXrsRdV/;397806340675950225
https://www.instagram.com/p/CVhqjQWDeo8/;-2064261117707812897
https://www.instagram.com/p/CVkCpuFsbPR/;6795277396216959132
https://www.instagram.com/p/CVkXO0HsAU2/;-146293465940818205
https://www.instagram.com/p/CVmq-cQLLv-/;1657276009491001977
https://www.instagram.com/p/CVpttxejAUc/;-8384166585248811893
https://www.instagram.com/p/CVr-uynonY2/;-1370088636381533064
https://www.instagram.com/p/CVuqOlMscrx/;2513452903361631896
https://www.instagram.com/p/CVvTSiUMAFd/;181945564784034554
https://www.instagram.com/p/CVxWLDTsXWU/;8914684891093389965
https://www.instagram.com/p/CV0qlRXM0mb/;5512827372142539612
https://www.instagram.com/p/CV2LX8xsAo6/;8234323252022373586
https://www.instagram.com/p/CV2fqwKMgGJ/;5563205953986563587
https://www.instagram.com/p/CV5DXmHDqIh/;-2452078701812320158
https://www.instagram.com/p/CV8WBxSsKFb/;6297309878260338847
https://www.instagram.com/p/CV-ATuRoT1w/;7130330834840224114
https://www.instagram.com/p/CWAyg1ZMVCw/;7438913836946381568
https://www.instagram.com/p/CWBNl0dsE22/;-1229926925531476330
https://www.instagram.com/p/CWEK2fXMuwx/;-5390257745204516037
https://www.instagram.com/p/CWGQbkqs3V8/;-1698568915026186234
https://www.instagram.com/p/CWGX_Jkjv2l/;6448302061072063522
https://www.instagram.com/p/CWLdz-ispLs/;7189286560791069907
https://www.instagram.com/p/CWNqFb0sIEa/;-4123178113636410534
https://www.instagram.com/p/CWN3nuIsZjZ/;9075669047395416416
https://www.instagram.com/p/CWQB1vUI_Az/;-1390429250970795504
https://www.instagram.com/p/CWSfvW8D312/;-8528142644778046301
https://www.instagram.com/p/CWTCkj0ju5P/;-2363936783567046658
https://www.instagram.com/p/CWVNv56DBlv/;690590028832535983
https://www.instagram.com/p/CWVgNyuMRr0/;-81737069088042480
https://www.instagram.com/p/CWYt78xj6jv/;8875033840680405606
https://www.instagram.com/p/CWav-O8MZ2C/;-2699529327530381404
https://www.instagram.com/p/CWbStR1jhvE/;1116168634251486125
https://www.instagram.com/p/CWdAirWsLAh/;-2640152815662064156
https://www.instagram.com/p/CWflgo2M7aR/;8360370175267102176
https://www.instagram.com/p/CWi3Eg0qS2a/;-6133115352022272508
https://www.instagram.com/p/CWjBOs5Idzy/;7007857875071929948
https://www.instagram.com/p/CWlKhrmsxMa/;-8999792784157698466
https://www.instagram.com/p/CWnTJvGs3Hb/;-3224351023793268765
https://www.instagram.com/p/CWq2OB3sklp/;1787296915510811228
https://www.instagram.com/p/CWsPc08DsBE/;9077850438406617382
https://www.instagram.com/p/CWvr-Y4s_rV/;6277439007531983779
https://www.instagram.com/p/CWxmpy3sIFw/;3671774976685643194
https://www.instagram.com/p/CW0L5PFIwuk/;8891132642475859434
https://www.instagram.com/p/CW2v82lsJLo/;-2040405856553417129
https://www.instagram.com/p/CW3hIwas3T_/;-7398343348261975950
https://www.instagram.com/p/CW5qHceMbKU/;2355300713452891231
https://www.instagram.com/p/CW8A790Mp-s/;7767455711334279700
https://www.instagram.com/p/CW8VWhqs2WN/;4713739320697442661
https://www.instagram.com/p/CXBRe-UsWXi/;-2993823472927208500
https://www.instagram.com/p/CXEDyYnsf_W/;-1751418616434455676
https://www.instagram.com/p/CXGUXS_o8bq/;4873684452303572895
https://www.instagram.com/p/CXJa7Vtso5M/;-3679970222010640190
https://www.instagram.com/p/CXLoR6NsSdv/;2877725439045659496
https://www.instagram.com/p/CXLsFCPjbSn/;-8228187559732427296
https://www.instagram.com/p/CXOrwdEMHoa/;3902110946100606411
https://www.instagram.com/p/CXRKEFYsPZk/;7939550741238385832
https://www.instagram.com/p/CXT1n78s5dw/;-5915176899522150418
https://www.instagram.com/p/CXWTP5oMHqJ/;6059607952761598363
https://www.instagram.com/p/CXYIJy9o6af/;8610410702196068173
https://www.instagram.com/p/CXdmQB9Mr0p/;3422725106409933882
https://www.instagram.com/p/CXgYhTisoB_/;5854561857623564083
https://www.instagram.com/p/CXiUPlFDmXe/;1600638259512524432
https://www.instagram.com/p/CXnrlAlDa07/;5021460792221007938
https://www.instagram.com/p/CXoANfSs8pi/;2204383976859459854
https://www.instagram.com/p/CXqJtrYI486/;-3856687114294506467
https://www.instagram.com/p/CXtanWssA_L/;-8700577688264288461
https://www.instagram.com/p/CXtd7jXsGo8/;8721132757831596381
https://www.instagram.com/p/CXv1n0ZMCgc/;5859663888485181490
https://www.instagram.com/p/CXy17O4MPGK/;-3805684880095131831
https://www.instagram.com/p/CX0VlQ6M2ld/;6788635676953552335
https://www.instagram.com/p/CX04NuKs6Uk/;7175005886370006182
https://www.instagram.com/p/CX1UDwnMWc6/;-1435611028573180866
https://www.instagram.com/p/CX3no6KlpbI/;7683047227601153332
https://www.instagram.com/p/CX374m8sG_-/;-3722855518460507849
https://www.instagram.com/p/CX5mhF5MoAW/;-6938766433554804763
https://www.instagram.com/p/CX8LQC9MHJ-/;1706956280328235055
https://www.instagram.com/p/CX8ZCvqLLku/;8660368886793671159
https://www.instagram.com/p/CX_m_fiMCy5/;-8329755886807220682
https://www.instagram.com/p/CYBburusFKK/;8487180935047644036
https://www.instagram.com/p/CYEAfX4Fp8O/;-1970988390521179469
https://www.instagram.com/p/CYEwTi-MI4y/;-6142884053146487333
https://www.instagram.com/p/CYG58tyMp4_/;738039054690482472
https://www.instagram.com/p/CYI8je1sCaM/;-6078986203839456135
https://www.instagram.com/p/CYJXmgclssR/;-127513224202609328
https://www.instagram.com/p/CYLt60OFbz5/;-4312515880973002448
https://www.instagram.com/p/CYL7qtcMOdf/;-4190961431631575506
https://www.instagram.com/p/CYOvFIDMtSA/;5740165564196718214
https://www.instagram.com/p/CYO83Bro6IT/;962226679121279394
https://www.instagram.com/p/CYQ_hKXFoPF/;-4072212320280872579
https://www.instagram.com/p/CYTzPM8MaoX/;-1928404233392359230
https://www.instagram.com/p/CYWyMzNFMZc/;-9055698144998974689
https://www.instagram.com/p/CYW1jQ5M4f1/;-7224867875943937003
https://www.instagram.com/p/CYZPor4sSVt/;4266825730971529854
https://www.instagram.com/p/CYZkVnOM-3t/;8218070706474761336
https://www.instagram.com/p/CYbSIO_MsEj/;4055946456739769150
https://www.instagram.com/p/CYgG-C5MfV8/;-5344934120004155183
https://www.instagram.com/p/CYgi1XwsO-x/;-1456955664294633590
https://www.instagram.com/p/CYgqCz9FZyC/;5635431672318413414
https://www.instagram.com/p/CYgwtAHIA5l/;1248893043976477661
https://www.instagram.com/p/CYjO1djMfFl/;5061540023453183863
https://www.instagram.com/p/CYlfB4SM0Ux/;2806888132553072111
https://www.instagram.com/p/CYmOthWsI2u/;2389882058004842303
https://www.instagram.com/p/CYn8y9bMu2r/;-686541172092041522
https://www.instagram.com/p/CYoYpB7MZMp/;1806264970037263887
https://www.instagram.com/p/CYqTCFnMfeo/;-2714113356444108982
https://www.instagram.com/p/CYrbvuMs85O/;997533974125912616
https://www.instagram.com/p/CYtNWBZlNB6/;-3559740537506911779
https://www.instagram.com/p/CYvxxLAMSu3/;-7284313568097540399
https://www.instagram.com/p/CYv4DvoMjQG/;6792772813458248432
https://www.instagram.com/p/CYyP-1DIUKA/;-4394257617824659459
https://www.instagram.com/ichbinsophiescholl/;-6607777106061433843
https://www.instagram.com/p/CY15hCuMhii/;664481603645022268
https://www.instagram.com/p/CY37tMcMUzC/;4434186424004112634
https://www.instagram.com/p/CY53xoJsH_w/;8122866676851579418
https://www.instagram.com/p/CY6uQWllQHX/;8142566810558279080
https://www.instagram.com/p/CY9Fl3ysUaS/;-7618838342771363419
https://www.instagram.com/p/CY_3ns9soEJ/;3668043596263274586
https://www.instagram.com/p/CZBsqiIMTGL/;6718843284557061950
https://www.instagram.com/p/CZERgQoImdU/;-3525448316764067253
https://www.instagram.com/p/CZG2YdPFuNW/;2211719532005171496
https://www.instagram.com/p/CZHRvwasbVD/;5185919691426996664
https://www.instagram.com/p/CZKRQmbssJ4/;8791408916599912944
https://www.instagram.com/p/CZM2yMVs8NN/;-6390371127072330566
https://www.instagram.com/p/CZPbm3MMkik/;195731479621355774
https://www.instagram.com/p/CZRkwcIM2TW/;-5135189487234218403
https://www.instagram.com/p/CZUsAQtFB6k/;5956802164039540210
https://www.instagram.com/p/CZXXvYQvZ4e/;4319240712815014462
https://www.instagram.com/p/CZY-uLdsyWR/;5104398676971470528
https://www.instagram.com/p/CZb4EyhMkjZ/;1283378533236183867
https://www.instagram.com/p/CZc11iJlCGg/;5999172269055338599
https://www.instagram.com/p/CZeA_34MKb3/;-7494435648943984273
https://www.instagram.com/p/CZeWStusQoE/;-411853976004713405
https://www.instagram.com/p/CZgmOTos_sU/;-8176576933747148333
https://www.instagram.com/p/CZjD_W8sW3U/;-6393074472697505150
https://www.instagram.com/p/CZl9yA7Mhmc/;-5183380359444930684
https://www.instagram.com/p/CZo3DHagHvk/;-5462668170454659920
https://www.instagram.com/p/CZrCEQgMane/;7135423562380628637
https://www.instagram.com/p/CZtXTLTsuOX/;3954919218530787175
https://www.instagram.com/p/CZtsB3sMOMS/;-4326756284412963315
https://www.instagram.com/p/CZw01AkshtT/;-1989170376452629924
https://www.instagram.com/p/CZxeDHQMIbe/;-7630190276868735254
https://www.instagram.com/p/CZy1D8xjQU_/;1790015072799575959
https://www.instagram.com/p/CZ2DdLJMZim/;5553840308097908466
https://www.instagram.com/p/CZ61Av2sW0M/;3432842481204037279
https://www.instagram.com/p/CZ7GST4Nmza/;6581968566425963606
https://www.instagram.com/p/CZ9BtLYsv2g/;-1814268462649310593
https://www.instagram.com/p/CZ-CyQlMDUF/;-7021749143660195128
https://www.instagram.com/p/CZ-GuPbMo96/;8594083685045977601
https://www.instagram.com/p/CaAZ72tM_v_/;1232711655954661216
https://www.instagram.com/p/CaEs9JND-W1/;-8420840198567867270
https://www.instagram.com/p/CaEvVhrjkfy/;-5111515253769771628
https://www.instagram.com/p/CaE2nndM931/;-6529424478863174917
https://www.instagram.com/p/CaHkfORKgdm/;-8785912006663914981
https://www.instagram.com/p/CaMzXh1Mmid/;8366892642091648955
https://www.instagram.com/p/CaNVoVJs1Ie/;1628934710438460671
https://www.instagram.com/ichbinsophiescholl/;-6607777106061433843
https://www.instagram.com/p/CaR8yxIM3t8/;8552305390776307130
https://www.instagram.com/p/CaSRa0DMu8x/;2498967420140718167
https://www.instagram.com/p/CaSRpkesKhU/;5737248642601881430
https://www.instagram.com/p/CaSR_oYMJx4/;-3850131061676358910
https://www.instagram.com/p/CaUNGGOMsJe/;5100285452430909737
https://www.instagram.com/p/CaUTx0csioE/;7192856655912906873
https://www.instagram.com/p/CaXXk5LsFy3/;-2299772891897813577
https://www.instagram.com/p/CaXa5kQMvro/;-9150581835375878361
https://www.instagram.com/p/CaYHSFfs401/;-4440045640251641203
https://www.instagram.com/p/CaZkUB1MLCP/;3551799802192832110
https://www.instagram.com/p/CaZrTAMs1mK/;-5004877124625801832
https://www.instagram.com/p/CaZ49i_MZWg/;-7080765568941177329
https://www.instagram.com/p/CacCG6_smEX/;2742319386507929592
https://www.instagram.com/p/CacCvDCMWhq/;8534540242214903340
https://www.instagram.com/p/CacDSc4s5ts/;2980021233483684338
